"latitude","longitude","elevation","location","day","time","temperature_2m_mean (°C)","shortwave_radiation_sum (MJ/m²)","et0_fao_evapotranspiration (mm)","daylight_duration (s)","sunshine_duration (s)","precipitation_sum (mm)","precipitation_hours (h)","cloud_cover_mean (%)","dew_point_2m_mean (°C)","pressure_msl_mean (hPa)","surface_pressure_mean (hPa)","wind_gusts_10m_mean (m/s)","wind_speed_10m_mean (m/s)"
13.1107,80.2459,15,"chennai",-300,2024-06-01,32.7,24.22,6.43,46254.1,40146.55,1,4,54,26.8,1003.2,1001.5,9.93,4.75
13.1107,80.2459,15,"chennai",-299,2024-06-02,29.6,21.6,4.98,46271.06,36461.88,22,10,84,25.4,1005.5,1003.8,7.38,3.28
13.1107,80.2459,15,"chennai",-298,2024-06-03,29.1,10.13,2.56,46287.25,2240.59,9.4,8,98,25.4,1006.3,1004.6,5.29,2.29
13.1107,80.2459,15,"chennai",-297,2024-06-04,30,18.49,4.27,46302.66,32401.09,9.6,6,92,26,1006.6,1004.9,5.32,2.25
13.1107,80.2459,15,"chennai",-296,2024-06-05,28.7,13.27,3.14,46317.26,17588.46,35.5,12,97,25.7,1007.2,1005.5,6.62,3.09
13.1107,80.2459,15,"chennai",-295,2024-06-06,27.8,13.11,2.94,46331.05,18000,28.1,19,97,25.4,1007.8,1006.1,6.66,3.13
13.1107,80.2459,15,"chennai",-294,2024-06-07,28.1,9.83,2.49,46344.02,778.49,5.1,11,96,25.2,1006.5,1004.8,6.83,3.54
13.1107,80.2459,15,"chennai",-293,2024-06-08,29.4,18.86,4.77,46356.14,28320.06,2.1,7,88,25,1005.5,1003.8,8.92,4.67
13.1107,80.2459,15,"chennai",-292,2024-06-09,30.2,20.57,5.48,46367.42,36956.07,0.5,2,97,24.4,1005.1,1003.4,8.95,4.49
13.1107,80.2459,15,"chennai",-291,2024-06-10,30.4,21.42,5.52,46377.83,37815.3,7,4,95,24,1004.9,1003.3,8.28,3.91
13.1107,80.2459,15,"chennai",-290,2024-06-11,30.7,19.53,5.64,46387.37,34942.02,10.4,3,100,22.7,1005,1003.4,7.78,3.46
13.1107,80.2459,15,"chennai",-289,2024-06-12,30,13.61,4.39,46396.01,10596.95,0.6,2,100,22.8,1006.4,1004.7,7.36,3.74
13.1107,80.2459,15,"chennai",-288,2024-06-13,30.7,19.43,5.59,46403.76,28865.11,0.1,1,100,22.3,1006.4,1004.7,7.06,3.42
13.1107,80.2459,15,"chennai",-287,2024-06-14,30.7,17.79,5.22,46410.59,29027.19,0.1,1,91,22.7,1005.2,1003.5,6.9,3.4
13.1107,80.2459,15,"chennai",-286,2024-06-15,30.4,15.92,4.7,46416.5,27128.41,2.3,5,95,22.7,1004.6,1002.9,6.14,3.02
13.1107,80.2459,15,"chennai",-285,2024-06-16,30.8,22.12,5.73,46421.46,40273.09,0.2,2,87,24.1,1005,1003.3,7,3.32
13.1107,80.2459,15,"chennai",-284,2024-06-17,31,23.07,6.18,46425.49,39600,0.3,1,88,23.5,1005.2,1003.5,7.7,3.8
13.1107,80.2459,15,"chennai",-283,2024-06-18,31,23.21,6.22,46428.55,41759.96,0.7,3,77,23.9,1004.9,1003.3,8.56,4.15
13.1107,80.2459,15,"chennai",-282,2024-06-19,29.2,21.08,5.18,46430.65,41480.38,16.6,12,85,23.9,1004.4,1002.7,8.01,3.79
13.1107,80.2459,15,"chennai",-281,2024-06-20,29.8,21.21,5.54,46431.77,40917.82,2.1,6,97,23.4,1004.2,1002.5,7.45,3.61
13.1107,80.2459,15,"chennai",-280,2024-06-21,30.1,22.41,6.11,46431.9,40917.2,5.6,5,92,22.7,1003.8,1002.1,8.28,4.14
13.1107,80.2459,15,"chennai",-279,2024-06-22,31.3,21.5,6.4,46431.03,40775.16,0.2,1,96,22.4,1001.9,1000.2,8.35,4.24
13.1107,80.2459,15,"chennai",-278,2024-06-23,31,22.83,6.23,46429.17,40066.16,0.9,4,57,23.1,1001.7,1000,7.89,3.82
13.1107,80.2459,15,"chennai",-277,2024-06-24,30.8,20.8,6.02,46426.32,34565.77,0.2,2,85,23,1001.3,999.6,8.19,4.1
13.1107,80.2459,15,"chennai",-276,2024-06-25,30.9,18.33,5.75,46422.51,36344.77,0.6,3,99,22.7,1001.3,999.6,8.18,4.09
13.1107,80.2459,15,"chennai",-275,2024-06-26,31.4,14.4,5.52,46417.73,13461.14,0.5,4,100,22.2,1001.3,999.6,8.53,4.36
13.1107,80.2459,15,"chennai",-274,2024-06-27,31,14.46,5.39,46412.02,19508.32,1,2,100,22,1003.4,1001.7,8.51,4.23
13.1107,80.2459,15,"chennai",-273,2024-06-28,31.5,20.58,6.46,46405.37,37842.81,0,0,99,22.3,1004.2,1002.5,8.65,4.33
13.1107,80.2459,15,"chennai",-272,2024-06-29,31.5,21.23,6.25,46397.81,38830.1,2.1,2,99,23.5,1005,1003.3,8.69,4.4
13.1107,80.2459,15,"chennai",-271,2024-06-30,30.4,12.71,4.08,46389.34,13924.74,0,0,100,24.7,1006,1004.3,8.33,4.25
13.1107,80.2459,15,"chennai",-270,2024-07-01,30,14.03,4.22,46379.99,20707.45,2,4,100,23.9,1006,1004.3,7.12,3.48
13.1107,80.2459,15,"chennai",-269,2024-07-02,30.7,16.41,5.15,46369.77,27145.36,0,0,100,22.9,1004.5,1002.8,7.58,3.85
13.1107,80.2459,15,"chennai",-268,2024-07-03,31.3,23,6.3,46358.68,40903.71,4.2,6,93,23,1004.8,1003.1,7.45,3.52
13.1107,80.2459,15,"chennai",-267,2024-07-04,30,14.43,4.43,46346.74,18598.02,2.6,3,98,22.7,1006.1,1004.4,6.89,3.29
13.1107,80.2459,15,"chennai",-266,2024-07-05,30.6,21.26,5.78,46333.98,37688.87,0,0,95,23.4,1004.5,1002.8,7.71,3.71
13.1107,80.2459,15,"chennai",-265,2024-07-06,28.7,11.79,3.19,46320.41,9696.34,2.2,9,100,23.5,1004.3,1002.6,5.31,2.65
13.1107,80.2459,15,"chennai",-264,2024-07-07,29.7,18.08,4.93,46306.03,30479.01,1.2,3,100,22.9,1003.9,1002.2,6.61,3.17
13.1107,80.2459,15,"chennai",-263,2024-07-08,28.8,12.62,3.54,46290.87,17745.21,11.6,8,100,23.2,1003.7,1002,6.19,2.94
13.1107,80.2459,15,"chennai",-262,2024-07-09,28.9,16.17,4.12,46274.94,25735.11,5.2,7,100,23.6,1005,1003.3,6.01,2.79
13.1107,80.2459,15,"chennai",-261,2024-07-10,30.3,22.8,5.72,46258.25,42185.18,0.2,2,94,23.5,1006.8,1005.1,6.73,3.22
13.1107,80.2459,15,"chennai",-260,2024-07-11,29.3,15.77,4.15,46240.82,24828.13,1,3,98,23.5,1006.3,1004.6,6.17,2.88
13.1107,80.2459,15,"chennai",-259,2024-07-12,30.2,20.16,5.52,46222.48,36231.42,2.6,7,81,23.8,1004.2,1002.5,8.57,4.22
13.1107,80.2459,15,"chennai",-258,2024-07-13,27.9,7.6,2.43,46203.21,0,8,10,100,24,1003.9,1002.2,6.85,3.52
13.1107,80.2459,15,"chennai",-257,2024-07-14,27,7.56,2.09,46183.04,0,8.9,21,100,24.1,1002.8,1001.1,6.27,3.41
13.1107,80.2459,15,"chennai",-256,2024-07-15,26.9,9.53,2.53,46161.99,4579.89,8.2,18,100,24.1,1002,1000.3,8.64,4.68
13.1107,80.2459,15,"chennai",-255,2024-07-16,27.3,12.49,3.37,46140.11,10450.72,2.8,8,98,23.6,1002.2,1000.5,9.24,4.83
13.1107,80.2459,15,"chennai",-254,2024-07-17,28.5,9.47,3.48,46117.41,363.94,0.1,1,100,23,1003.2,1001.5,8.35,4.47
13.1107,80.2459,15,"chennai",-253,2024-07-18,28.9,10.12,4.03,46093.95,1578.05,1.1,2,100,22.8,1002.9,1001.2,9.79,5.28
13.1107,80.2459,15,"chennai",-252,2024-07-19,27.7,8.19,3.22,46069.73,2335.7,0.5,3,100,22.6,1002.2,1000.5,9.2,5
13.1107,80.2459,15,"chennai",-251,2024-07-20,28.6,13.92,4.13,46044.81,11201.01,0.1,1,99,22.5,1002.9,1001.2,7.84,4
13.1107,80.2459,15,"chennai",-250,2024-07-21,30.2,17.03,5.19,46019.21,30941.83,2.6,2,100,21.9,1003.6,1001.9,6.9,3.5
13.1107,80.2459,15,"chennai",-249,2024-07-22,30.9,14.42,5.34,45992.96,16288.63,0,0,100,21.2,1005.2,1003.5,7.73,4.07
13.1107,80.2459,15,"chennai",-248,2024-07-23,31.1,23.33,7.12,45966.09,41440.55,0.1,1,96,21.6,1005.8,1004.1,9.21,4.68
13.1107,80.2459,15,"chennai",-247,2024-07-24,31.6,21.08,7.21,45938.63,36927.18,0,0,100,21,1003.9,1002.3,9.53,5.04
13.1107,80.2459,15,"chennai",-246,2024-07-25,31.5,19.83,7.23,45910.62,31878.14,1.1,5,97,20.9,1002.5,1000.8,10.13,5.3
13.1107,80.2459,15,"chennai",-245,2024-07-26,31.1,18.98,6.53,45882.08,34909.28,4.6,3,100,21.2,1002.6,1000.9,9.79,4.68
13.1107,80.2459,15,"chennai",-244,2024-07-27,31.4,19.8,7.11,45853.04,38315.79,0.3,1,99,20.4,1003,1001.4,10.09,5.19
13.1107,80.2459,15,"chennai",-243,2024-07-28,31.5,19.21,7.33,45823.54,36476.41,0.1,1,92,19.4,1001.6,1000,9.73,5.13
13.1107,80.2459,15,"chennai",-242,2024-07-29,30.8,19.26,6.11,45793.6,35353.73,5.8,6,94,22.1,1001.6,999.9,8.81,4.22
13.1107,80.2459,15,"chennai",-241,2024-07-30,30.3,21.43,5.84,45763.25,39610.64,1.5,3,83,23.1,1004.2,1002.5,7.48,3.7
13.1107,80.2459,15,"chennai",-240,2024-07-31,30.3,17.94,5.1,45732.5,36938.99,1.5,2,95,22.2,1005.6,1003.9,6.22,3.01
13.1107,80.2459,15,"chennai",-239,2024-08-01,30.6,16.49,5.11,45701.12,26694.28,2.6,1,100,22.2,1005.4,1003.7,7.23,3.49
13.1107,80.2459,15,"chennai",-238,2024-08-02,29.8,18.6,4.88,45669.05,33599.06,4.5,5,100,22.9,1005.7,1004,6.53,2.93
13.1107,80.2459,15,"chennai",-237,2024-08-03,29.5,22.94,5.33,45636.32,40140.64,7.7,4,99,23.4,1006.7,1005,4.98,2.23
13.1107,80.2459,15,"chennai",-236,2024-08-04,29.8,23.37,5.43,45602.97,38332.71,0.2,2,68,23.8,1006.9,1005.2,5.32,2.36
13.1107,80.2459,15,"chennai",-235,2024-08-05,27.9,19.04,4.21,45569.05,26219.23,0.8,3,95,24.4,1007.5,1005.8,5.78,2.81
13.1107,80.2459,15,"chennai",-234,2024-08-06,28.4,19.4,4.36,45534.57,38361.58,19.1,8,99,24.3,1006.3,1004.6,5.89,2.65
13.1107,80.2459,15,"chennai",-233,2024-08-07,27.7,17.33,3.8,45499.59,27753.88,8.8,10,99,24.2,1006.6,1004.9,4.57,2.14
13.1107,80.2459,15,"chennai",-232,2024-08-08,28,22.45,4.79,45464.12,37633.71,10.9,7,76,24.2,1007.1,1005.4,5.39,2.54
13.1107,80.2459,15,"chennai",-231,2024-08-09,27.9,23.82,5,45428.22,40729.43,20.9,14,50,24.8,1007.5,1005.7,6.45,3.02
13.1107,80.2459,15,"chennai",-230,2024-08-10,27.9,22.07,4.56,45391.91,40597.82,4.1,11,92,24.9,1007.5,1005.8,5.12,2.26
13.1107,80.2459,15,"chennai",-229,2024-08-11,28.4,23.67,5.04,45355.23,41512.17,16.2,7,58,24.9,1005.5,1003.8,5.62,2.42
13.1107,80.2459,15,"chennai",-228,2024-08-12,28.4,24.34,5.19,45318.21,41377.33,11.4,8,82,24.8,1005.1,1003.4,6.02,2.74
13.1107,80.2459,15,"chennai",-227,2024-08-13,28.5,24.51,5.25,45280.88,41759.86,0.5,3,55,24.6,1005.8,1004.1,6.42,3.19
13.1107,80.2459,15,"chennai",-226,2024-08-14,28.6,23.4,4.74,45243.27,41496.44,1,7,64,25.5,1005.3,1003.6,4.95,2.28
13.1107,80.2459,15,"chennai",-225,2024-08-15,28.8,22.35,4.8,45205.42,41108.79,1.6,8,91,25.3,1004.6,1002.9,6.68,3.33
13.1107,80.2459,15,"chennai",-224,2024-08-16,29.1,23.19,5.17,45167.36,40979,0.9,4,97,25,1003.8,1002.1,8.14,4.23
13.1107,80.2459,15,"chennai",-223,2024-08-17,29.1,24.03,5.25,45129.11,41227.59,0.1,1,94,25,1004.8,1003.1,6.22,2.94
13.1107,80.2459,15,"chennai",-222,2024-08-18,29.1,23.89,5.17,45090.71,41223.04,1.6,6,66,25,1005.5,1003.8,5.45,2.43
13.1107,80.2459,15,"chennai",-221,2024-08-19,29.4,23.45,5.35,45052.18,40351.83,1.7,6,70,24.9,1005,1003.3,7.73,3.95
13.1107,80.2459,15,"chennai",-220,2024-08-20,28.6,22.19,4.95,45013.54,39631.93,4.7,9,78,24.9,1005.4,1003.7,7.33,3.71
13.1107,80.2459,15,"chennai",-219,2024-08-21,29,19.34,4.84,44974.54,35812.65,1,6,77,24.3,1006.5,1004.8,9.79,5.1
13.1107,80.2459,15,"chennai",-218,2024-08-22,29.1,20.12,5.39,44935.09,32966.57,0,0,86,23.1,1007.3,1005.6,8.73,4.61
13.1107,80.2459,15,"chennai",-217,2024-08-23,29.8,22.9,5.79,44895.24,39600,0.1,1,83,24.5,1007.5,1005.8,9.12,4.84
13.1107,80.2459,15,"chennai",-216,2024-08-24,30.2,21.38,5.85,44855,33828.62,0.2,2,99,23.7,1007.6,1005.9,8.66,4.46
13.1107,80.2459,15,"chennai",-215,2024-08-25,30.5,22.67,6.32,44814.43,38804.12,0.4,3,92,22.3,1007,1005.3,7.76,3.96
13.1107,80.2459,15,"chennai",-214,2024-08-26,30.7,23.4,6.79,44773.53,40244.2,1,4,91,21.3,1006.1,1004.5,8.8,4.39
13.1107,80.2459,15,"chennai",-213,2024-08-27,29.6,14.79,4.31,44732.36,11958.02,5.1,4,100,22.7,1007.4,1005.7,6.39,2.98
13.1107,80.2459,15,"chennai",-212,2024-08-28,27.4,6.96,2.14,44690.93,0,5.1,14,100,23.1,1008,1006.3,5.28,2.7
13.1107,80.2459,15,"chennai",-211,2024-08-29,27.6,10.99,3.1,44649.28,3739.8,8.9,8,100,23.3,1005.7,1004,7.45,3.66
13.1107,80.2459,15,"chennai",-210,2024-08-30,28,11.27,3.25,44607.44,5993.59,5,9,100,22.9,1005.3,1003.6,6.49,2.97
13.1107,80.2459,15,"chennai",-209,2024-08-31,28.5,12.76,3.95,44565.44,6250.84,0.3,3,100,22.5,1004.8,1003.1,7.63,4
13.1107,80.2459,15,"chennai",-208,2024-09-01,29.6,20.27,5.62,44523.31,35574.64,0,0,86,22.4,1004.1,1002.4,7.77,3.88
13.1107,80.2459,15,"chennai",-207,2024-09-02,29.6,23.18,5.85,44481.06,39230.5,2.5,5,76,23.2,1004.5,1002.8,7.31,3.57
13.1107,80.2459,15,"chennai",-206,2024-09-03,28.6,19.85,4.47,44438.75,36652.69,5.1,6,96,24.4,1006.3,1004.6,5.69,2.37
13.1107,80.2459,15,"chennai",-205,2024-09-04,28.8,13.7,3.7,44396.39,11063.6,0,0,100,23.6,1006.1,1004.4,5.74,2.86
13.1107,80.2459,15,"chennai",-204,2024-09-05,29.5,21.36,5.2,44354.01,37535.5,0.7,3,100,23.3,1004.8,1003.1,6.41,3.16
13.1107,80.2459,15,"chennai",-203,2024-09-06,28.6,12.97,3.39,44311.63,10266.43,17.3,10,97,23.7,1005.4,1003.7,5.55,2.7
13.1107,80.2459,15,"chennai",-202,2024-09-07,29.1,12.64,3.48,44269.3,6089.78,2.9,5,100,23.2,1005.9,1004.2,5.7,2.72
13.1107,80.2459,15,"chennai",-201,2024-09-08,29.8,17.52,5.13,44227.02,28901.21,0,0,100,22.3,1006.2,1004.5,7.42,3.73
13.1107,80.2459,15,"chennai",-200,2024-09-09,29.8,18.88,5.49,44184.81,32659.08,0,0,96,22.6,1004.3,1002.6,8.37,4.3
13.1107,80.2459,15,"chennai",-199,2024-09-10,30.5,22.38,6.17,44142.42,39600,1.1,2,71,23,1004,1002.4,8.57,4.28
13.1107,80.2459,15,"chennai",-198,2024-09-11,30.1,20.12,5.62,44099.75,35741.02,1.2,5,93,22.9,1005.8,1004.1,8.02,4.02
13.1107,80.2459,15,"chennai",-197,2024-09-12,30.1,24.47,6.14,44056.85,39600,0.8,5,57,22.5,1007,1005.3,6.77,3.23
13.1107,80.2459,15,"chennai",-196,2024-09-13,30.3,21.75,5.38,44013.73,39600,0.1,1,100,23.6,1006.5,1004.8,6.13,2.86
13.1107,80.2459,15,"chennai",-195,2024-09-14,30.6,23.13,5.83,43970.43,38238.45,0.5,4,99,23.5,1005.8,1004.1,6.82,3.15
13.1107,80.2459,15,"chennai",-194,2024-09-15,30.7,23.23,5.91,43926.98,39600,3.6,6,84,23,1005.6,1003.9,6.57,2.97
13.1107,80.2459,15,"chennai",-193,2024-09-16,30.6,23.62,6.04,43883.4,39705.53,0.4,3,82,22.2,1005.8,1004.1,6.2,2.84
13.1107,80.2459,15,"chennai",-192,2024-09-17,30.8,24.06,6.43,43839.72,39600,0.6,3,23,22.5,1005.5,1003.8,7.38,3.49
13.1107,80.2459,15,"chennai",-191,2024-09-18,30,22.44,5.26,43795.97,39635.49,1.5,4,44,23.7,1005,1003.3,5.47,2.19
13.1107,80.2459,15,"chennai",-190,2024-09-19,29.2,23.6,5.38,43752.18,39600,2,5,49,23.7,1005.4,1003.7,5.89,2.36
13.1107,80.2459,15,"chennai",-189,2024-09-20,30.4,22.95,5.54,43708.37,38411.73,0.4,2,85,23,1005,1003.3,5.19,2.28
13.1107,80.2459,15,"chennai",-188,2024-09-21,28.4,9.87,2.62,43664.57,4584.9,3.9,7,98,23.7,1005.7,1004,4.28,1.87
13.1107,80.2459,15,"chennai",-187,2024-09-22,28.3,14.16,3.4,43620.81,14911.89,12.9,8,100,24,1004.7,1003,5.05,2.07
13.1107,80.2459,15,"chennai",-186,2024-09-23,28.4,21.77,4.7,43577.11,39600,15.5,14,93,24.7,1004.2,1002.5,5.71,2.29
13.1107,80.2459,15,"chennai",-185,2024-09-24,28.9,20.6,4.79,43533.51,37420.6,12.4,8,100,24.4,1003.5,1001.8,6.7,3.22
13.1107,80.2459,15,"chennai",-184,2024-09-25,28.7,20.62,4.62,43490.03,39600,11.2,11,95,24.8,1003.9,1002.2,6.09,2.63
13.1107,80.2459,15,"chennai",-183,2024-09-26,28.2,9.99,2.51,43446.7,1932.23,0.8,4,97,25.3,1005,1003.3,5.43,2.83
13.1107,80.2459,15,"chennai",-182,2024-09-27,28.3,20.67,4.36,43403.53,37267.55,7.8,13,93,25.3,1007.4,1005.7,6.64,3.28
13.1107,80.2459,15,"chennai",-181,2024-09-28,27.5,22.44,4.62,43360.57,39600,14.1,12,40,24.8,1009.1,1007.3,5.68,2.39
13.1107,80.2459,15,"chennai",-180,2024-09-29,27.7,22.28,4.53,43317.82,39600,0.7,5,32,24.7,1010,1008.3,5.74,2.71
13.1107,80.2459,15,"chennai",-179,2024-09-30,27.5,22.1,4.42,43275.01,39600,0.9,3,21,24.6,1009.9,1008.2,5.1,2.37
13.1107,80.2459,15,"chennai",-178,2024-10-01,28.3,22.92,4.97,43232.05,39600,0.6,4,20,24.3,1008.2,1006.5,6.2,3.16
13.1107,80.2459,15,"chennai",-177,2024-10-02,29.5,23.87,5.62,43188.96,39600,0,0,60,24.5,1007.7,1006,7.82,4.1
13.1107,80.2459,15,"chennai",-176,2024-10-03,29.5,22.05,5.13,43145.79,39600,1.6,2,99,24.4,1007.2,1005.5,6.17,2.76
13.1107,80.2459,15,"chennai",-175,2024-10-04,29,20.16,4.64,43102.56,36678.04,2.2,6,82,24.6,1007.5,1005.8,5.78,2.7
13.1107,80.2459,15,"chennai",-174,2024-10-05,28.8,22.1,4.94,43059.3,39600,0.1,1,89,24.4,1007.7,1006,5.71,2.73
13.1107,80.2459,15,"chennai",-173,2024-10-06,28.5,22.95,4.97,43016.04,39600,0,0,92,24.5,1008.4,1006.7,4.38,1.95
13.1107,80.2459,15,"chennai",-172,2024-10-07,27.9,18.82,3.93,42972.8,39433.22,1.4,10,44,24.1,1010,1008.3,4.37,1.94
13.1107,80.2459,15,"chennai",-171,2024-10-08,27.7,21.23,4.39,42929.63,39600,1.4,7,70,24.2,1010.5,1008.8,4.8,2.15
13.1107,80.2459,15,"chennai",-170,2024-10-09,27.6,20.48,4.24,42886.55,37453.91,2,7,73,24.1,1009,1007.2,4.76,2.03
13.1107,80.2459,15,"chennai",-169,2024-10-10,27.1,17.83,3.65,42843.61,29765.69,16.5,12,80,24,1007.8,1006.1,4.29,1.86
13.1107,80.2459,15,"chennai",-168,2024-10-11,27.4,19.25,4.01,42800.81,39600,7.4,12,69,24.2,1007.8,1006.1,5.32,2.43
13.1107,80.2459,15,"chennai",-167,2024-10-12,27.4,20.88,4.3,42758.2,36091.96,3.3,12,55,24,1008.9,1007.1,5.64,2.63
13.1107,80.2459,15,"chennai",-166,2024-10-13,27.3,20.21,4.11,42715.81,39600,2.5,7,78,24.1,1009,1007.2,5.02,2.16
13.1107,80.2459,15,"chennai",-165,2024-10-14,25.6,6.14,1.43,42673.66,467.56,69.2,24,100,24.1,1008,1006.2,8.12,4.13
13.1107,80.2459,15,"chennai",-164,2024-10-15,26.1,8.69,1.97,42631.81,3762.21,63.4,24,100,24.2,1007.7,1006,7.12,3.45
13.1107,80.2459,15,"chennai",-163,2024-10-16,25.8,10.79,2.29,42590.27,12989.21,39.7,22,100,23.9,1006.8,1005,5.88,2.75
13.1107,80.2459,15,"chennai",-162,2024-10-17,27.1,20.75,4.26,42549.08,39471.64,3.2,9,93,24.2,1007,1005.3,4.24,1.89
13.1107,80.2459,15,"chennai",-161,2024-10-18,26.8,14.13,2.86,42508.27,27859.28,11.6,6,100,24.5,1008.2,1006.4,4.15,1.68
13.1107,80.2459,15,"chennai",-160,2024-10-19,26.7,16.25,3.32,42467.86,33864.91,8,12,83,24.3,1009.3,1007.6,4.33,1.91
13.1107,80.2459,15,"chennai",-159,2024-10-20,27,18.81,3.81,42427.54,35776.27,5.8,10,61,24.4,1010.1,1008.4,4.51,2.09
13.1107,80.2459,15,"chennai",-158,2024-10-21,27.7,19.86,4.02,42387.22,39345.57,1.6,14,72,24.5,1010.3,1008.6,3.9,1.77
13.1107,80.2459,15,"chennai",-157,2024-10-22,27.2,19.86,4.02,42346.95,39315.34,1,5,61,24.5,1010.3,1008.6,4.76,2.18
13.1107,80.2459,15,"chennai",-156,2024-10-23,27.5,22.1,4.56,42306.73,39285.62,0,0,68,23.9,1009.3,1007.6,4.5,2.1
13.1107,80.2459,15,"chennai",-155,2024-10-24,27.5,14.9,3.39,42266.63,27591.95,0,0,100,23.3,1008.8,1007.1,4.94,2.44
13.1107,80.2459,15,"chennai",-154,2024-10-25,27.9,21.22,4.71,42226.67,39227.95,0,0,98,22.6,1008.7,1007,5.11,2.51
13.1107,80.2459,15,"chennai",-153,2024-10-26,28.3,22.11,5.1,42186.89,39200.08,0,0,34,22,1008.3,1006.6,5.33,2.72
13.1107,80.2459,15,"chennai",-152,2024-10-27,28,20.96,4.54,42147.32,39172.93,0.6,3,34,22.5,1007.6,1005.9,4.05,1.81
13.1107,80.2459,15,"chennai",-151,2024-10-28,27.7,20.72,4.56,42108.01,39146.55,1.7,5,25,23,1007.3,1005.6,4.7,2.2
13.1107,80.2459,15,"chennai",-150,2024-10-29,28.3,20.94,4.49,42068.99,39121,1.1,3,19,24.5,1008.2,1006.5,4.49,2.07
13.1107,80.2459,15,"chennai",-149,2024-10-30,27.7,19.56,4.09,42030.3,39096.3,4.8,6,21,24.6,1009.4,1007.7,4.63,2.09
13.1107,80.2459,15,"chennai",-148,2024-10-31,27.3,18.77,3.83,41991.98,39072.53,1.9,4,43,24.5,1010.6,1008.8,4.4,2
13.1107,80.2459,15,"chennai",-147,2024-11-01,26.7,18.02,3.61,41954.06,36177.25,5.9,9,51,24,1011.7,1010,4.03,1.69
13.1107,80.2459,15,"chennai",-146,2024-11-02,26.6,18.58,3.69,41916.59,37952.16,4.4,12,38,23.9,1012.1,1010.4,4.08,1.68
13.1107,80.2459,15,"chennai",-145,2024-11-03,26.5,19.18,3.85,41879.61,39007.27,3.7,9,53,23.6,1011.9,1010.2,5.67,2.58
13.1107,80.2459,15,"chennai",-144,2024-11-04,26.9,20.55,4.33,41843.16,38987.71,1.2,5,42,22.9,1011.1,1009.4,4.89,2.21
13.1107,80.2459,15,"chennai",-143,2024-11-05,27.2,20.69,4.71,41807.29,38969.33,0.1,1,29,21.9,1011.1,1009.4,6.45,3.32
13.1107,80.2459,15,"chennai",-142,2024-11-06,26,15.22,3.18,41772.02,34751.37,14.9,17,85,23.1,1011.3,1009.6,7.49,3.85
13.1107,80.2459,15,"chennai",-141,2024-11-07,26.9,17.83,3.83,41737.42,38936.37,2.6,15,64,23.6,1011,1009.2,8.17,4.07
13.1107,80.2459,15,"chennai",-140,2024-11-08,28,20.06,4.68,41703.49,38921.84,0.2,2,78,23.2,1010.9,1009.2,7.77,4.14
13.1107,80.2459,15,"chennai",-139,2024-11-09,27.5,18.93,4.56,41669.95,38908.4,1,7,94,22.3,1011.2,1009.5,7.79,4.09
13.1107,80.2459,15,"chennai",-138,2024-11-10,27.3,19.86,4.65,41636.68,38896.02,1.5,4,40,22,1011,1009.3,7.73,3.97
13.1107,80.2459,15,"chennai",-137,2024-11-11,26.7,17.93,4.12,41603.72,35142.03,4.4,10,88,22.8,1009.8,1008.1,9.2,4.9
13.1107,80.2459,15,"chennai",-136,2024-11-12,25.5,5.33,1.27,41571.12,0,42.4,24,100,24,1009.3,1007.6,5.86,2.79
13.1107,80.2459,15,"chennai",-135,2024-11-13,25.6,5.82,1.35,41538.91,0,33.1,24,100,24.1,1009.3,1007.6,5.8,2.64
13.1107,80.2459,15,"chennai",-134,2024-11-14,26,14.95,2.95,41507.12,33375.91,12.6,22,82,24,1010.6,1008.9,6.75,2.71
13.1107,80.2459,15,"chennai",-133,2024-11-15,26,13.8,2.76,41475.8,30996.68,16.9,21,88,23.9,1011.2,1009.5,6.63,2.6
13.1107,80.2459,15,"chennai",-132,2024-11-16,26,15.62,2.98,41444.99,38146.54,11.2,16,66,23.9,1010.8,1009.1,6.53,2.31
13.1107,80.2459,15,"chennai",-131,2024-11-17,27,20.06,4.33,41414.73,38795.65,2.5,6,38,23,1010.6,1008.8,7.74,3.41
13.1107,80.2459,15,"chennai",-130,2024-11-18,27.2,20.42,4.64,41385.05,38762.08,0,0,20,22.2,1011.3,1009.5,9.11,4.11
13.1107,80.2459,15,"chennai",-129,2024-11-19,26.8,19.17,4.5,41356,38729.19,0.5,4,50,21.6,1012,1010.3,9.45,4.2
13.1107,80.2459,15,"chennai",-128,2024-11-20,26.6,20.06,4.63,41327.61,38696.99,0,0,38,20.9,1011.9,1010.1,8.35,3.66
13.1107,80.2459,15,"chennai",-127,2024-11-21,26.6,19.09,4.67,41299.93,38665.55,0,0,68,20.5,1011.6,1009.9,8.69,3.85
13.1107,80.2459,15,"chennai",-126,2024-11-22,26.3,19.47,4.44,41273.01,38634.93,0,0,48,20.8,1011.4,1009.6,7.8,3.47
13.1107,80.2459,15,"chennai",-125,2024-11-23,26.4,16.58,3.7,41246.88,38246.11,1.1,7,94,22.3,1012,1010.2,8.24,3.63
13.1107,80.2459,15,"chennai",-124,2024-11-24,27,15.21,3.86,41221.58,22675.73,0.1,1,100,21.9,1011.9,1010.1,8.65,3.85
13.1107,80.2459,15,"chennai",-123,2024-11-25,26.5,18.33,4.39,41197.16,35711.05,1.3,3,100,21.5,1010.9,1009.2,10.39,4.6
13.1107,80.2459,15,"chennai",-122,2024-11-26,25,7.47,1.69,41173.67,1728.21,22.5,24,100,23.2,1009.5,1007.8,9.27,4.11
13.1107,80.2459,15,"chennai",-121,2024-11-27,26.3,7.95,3.29,41151.14,0,5.4,7,100,21.4,1008.3,1006.5,13.89,6.49
13.1107,80.2459,15,"chennai",-120,2024-11-28,25.1,6.4,2.34,41129.6,1310.98,21,18,100,21.7,1007.3,1005.5,14,6.29
13.1107,80.2459,15,"chennai",-119,2024-11-29,24.2,6.69,1.5,41108.83,1800.09,25.6,23,100,22.7,1006.5,1004.8,11.8,5.5
13.1107,80.2459,15,"chennai",-118,2024-11-30,25.2,0.67,0.91,41088.76,0,158.4,23,100,23.8,1001.8,1000.1,18.65,9
13.1107,80.2459,15,"chennai",-117,2024-12-01,26.1,8.22,2.13,41069.4,9468.77,25.3,24,100,23.8,1002.4,1000.7,13.32,5.98
13.1107,80.2459,15,"chennai",-116,2024-12-02,26.7,16.89,3.49,41050.78,37520.52,10.2,20,91,24,1005.7,1004,9.82,4.35
13.1107,80.2459,15,"chennai",-115,2024-12-03,27,18.31,3.69,41032.92,37835.64,4,15,91,24.2,1009.3,1007.5,7.04,2.98
13.1107,80.2459,15,"chennai",-114,2024-12-04,26.8,16.24,3.23,41015.85,36655.76,3.5,6,41,24.3,1010.5,1008.8,5.02,1.99
13.1107,80.2459,15,"chennai",-113,2024-12-05,26,17.02,3.3,40999.59,37865.7,0.8,7,34,24.1,1011.3,1009.5,5.14,2.06
13.1107,80.2459,15,"chennai",-112,2024-12-06,26.1,15.87,3.09,40984.17,36994.09,1.8,10,71,24.3,1011.2,1009.5,4.73,1.86
13.1107,80.2459,15,"chennai",-111,2024-12-07,26.6,19.06,3.84,40969.61,37456.68,0.4,4,49,23.5,1011,1009.2,4.71,1.88
13.1107,80.2459,15,"chennai",-110,2024-12-08,26.7,19.08,3.88,40955.93,38272.72,0,0,26,22.7,1011,1009.3,4.12,1.59
13.1107,80.2459,15,"chennai",-109,2024-12-09,26.5,17.99,3.71,40943.15,38257.97,1,7,79,23.2,1010.7,1009,5.14,2.09
13.1107,80.2459,15,"chennai",-108,2024-12-10,26.9,16.68,3.77,40931.32,35425.23,0.2,2,95,22.7,1010.4,1008.7,8.07,3.57
13.1107,80.2459,15,"chennai",-107,2024-12-11,25.6,5.19,1.66,40920.43,0,16.1,20,100,23.2,1010.5,1008.7,10.32,4.74
13.1107,80.2459,15,"chennai",-106,2024-12-12,25,5.53,1.38,40910.52,373.48,47.9,24,100,23.2,1010.4,1008.6,8.88,4.18
13.1107,80.2459,15,"chennai",-105,2024-12-13,26.2,16.5,3.8,40901.62,33981.66,2.1,8,88,22.1,1011.2,1009.4,10.27,4.61
13.1107,80.2459,15,"chennai",-104,2024-12-14,26.1,16.78,4.17,40893.73,38200.53,0,0,47,20.2,1012.7,1011,8.89,3.94
13.1107,80.2459,15,"chennai",-103,2024-12-15,25.6,17.51,4.45,40886.9,37622.21,0,0,78,19.1,1013.4,1011.7,9.88,4.43
13.1107,80.2459,15,"chennai",-102,2024-12-16,24.8,18.44,4.32,40881.14,38185.69,0,0,78,18.9,1012.2,1010.5,9.61,4.33
13.1107,80.2459,15,"chennai",-101,2024-12-17,23.9,6.4,2.16,40876.47,772.13,8.2,4,100,20.2,1010.3,1008.6,10.45,4.76
13.1107,80.2459,15,"chennai",-100,2024-12-18,23.9,7.21,1.54,40872.91,5906.95,24.1,22,100,22.4,1009.2,1007.5,9.97,4.61
13.1107,80.2459,15,"chennai",-99,2024-12-19,25.2,9.66,2.01,40870.42,10527.31,7,15,100,23.5,1008.6,1006.9,8.73,3.99
13.1107,80.2459,15,"chennai",-98,2024-12-20,25.9,13.96,2.81,40868.97,29396.08,15.9,7,89,23.6,1008.3,1006.6,8.58,3.79
13.1107,80.2459,15,"chennai",-97,2024-12-21,26,16.62,3.23,40868.56,36668.23,1.5,6,66,23.7,1009.4,1007.6,7.34,3.22
13.1107,80.2459,15,"chennai",-96,2024-12-22,25.8,17.82,3.53,40869.18,38172.6,0.2,2,67,23,1010.6,1008.9,7.87,3.52
13.1107,80.2459,15,"chennai",-95,2024-12-23,25.7,16.85,3.55,40870.81,34799.48,0,0,65,22.5,1010.4,1008.7,8.88,3.94
13.1107,80.2459,15,"chennai",-94,2024-12-24,25.1,12.03,2.68,40873.45,25509.33,7.6,7,60,22.4,1009.9,1008.2,9.98,4.45
13.1107,80.2459,15,"chennai",-93,2024-12-25,24.7,10.36,2.26,40877.09,17979.61,2.8,11,83,22.5,1010.9,1009.2,10.65,4.75
13.1107,80.2459,15,"chennai",-92,2024-12-26,26.2,16.34,3.17,40881.73,36039.41,10.1,24,64,24,1013,1011.3,10.05,4.46
13.1107,80.2459,15,"chennai",-91,2024-12-27,26.2,17.98,3.84,40887.34,36473.36,4.1,11,62,22.3,1015,1013.3,9.25,4.05
13.1107,80.2459,15,"chennai",-90,2024-12-28,26.4,18.62,3.93,40893.92,38201.95,0.2,2,18,22.3,1014.6,1012.8,7.42,3.3
13.1107,80.2459,15,"chennai",-89,2024-12-29,25.9,15.43,3.48,40901.45,31682.4,1,7,89,22,1014.4,1012.6,9.13,4.05
13.1107,80.2459,15,"chennai",-88,2024-12-30,25.8,17.52,3.5,40909.93,37090.52,3.5,16,88,22.8,1014.3,1012.6,9.03,4.02
13.1107,80.2459,15,"chennai",-87,2024-12-31,26,18.16,3.78,40919.35,38185.44,0.1,1,50,22.4,1014.5,1012.8,8.97,4.01
13.1107,80.2459,15,"chennai",-86,2025-01-01,25.7,19.45,3.95,40929.69,37471.1,0,0,60,21.7,1013.6,1011.9,7.61,3.36
13.1107,80.2459,15,"chennai",-85,2025-01-02,25.4,18.32,4.01,40940.94,38140.05,0,0,55,19.7,1013.6,1011.8,6.62,2.88
13.1107,80.2459,15,"chennai",-84,2025-01-03,25.3,18.21,4.28,40953.09,37085.47,0.1,1,66,19,1013.7,1012,7.63,3.35
13.1107,80.2459,15,"chennai",-83,2025-01-04,24.8,18.36,3.92,40966.12,37711.4,0.1,1,32,19.1,1013,1011.2,5.59,2.23
13.1107,80.2459,15,"chennai",-82,2025-01-05,24.9,19.1,4.06,40980.04,37456.85,0,0,57,19,1013.2,1011.5,5.43,2.13
13.1107,80.2459,15,"chennai",-81,2025-01-06,25.1,17.39,3.74,40994.81,37701.89,0.5,2,21,19.1,1012.6,1010.9,5.08,2.04
13.1107,80.2459,15,"chennai",-80,2025-01-07,24.9,15.93,3.43,41010.44,37078.85,2.3,8,30,20.4,1012.7,1010.9,6.94,3.02
13.1107,80.2459,15,"chennai",-79,2025-01-08,25.1,19.58,4.57,41027.1,38033.66,0,0,14,18.1,1012.6,1010.9,7.32,3.07
13.1107,80.2459,15,"chennai",-78,2025-01-09,26.1,18.31,4.82,41044.83,36318.32,0.1,1,31,17.7,1013.4,1011.7,8.51,3.64
13.1107,80.2459,15,"chennai",-77,2025-01-10,25.9,15.85,3.85,41063.59,36462.5,1,8,62,20.3,1014.6,1012.9,8.47,3.65
13.1107,80.2459,15,"chennai",-76,2025-01-11,26.2,18.02,4.62,41083.33,36706.34,0,0,88,19.4,1014.6,1012.9,9.62,4.17
13.1107,80.2459,15,"chennai",-75,2025-01-12,25.4,5.34,2.11,41104.03,0,1.4,7,81,20.5,1014,1012.3,8.01,3.54
13.1107,80.2459,15,"chennai",-74,2025-01-13,25.3,12.96,2.74,41125.64,33995.4,4.6,17,71,22.4,1012.6,1010.9,7.97,3.47
13.1107,80.2459,15,"chennai",-73,2025-01-14,26.1,18.43,4.06,41148.14,37306.65,0.3,2,67,21.3,1013.8,1012.1,8.78,3.85
13.1107,80.2459,15,"chennai",-72,2025-01-15,26.6,18.71,4.72,41171.46,37304.04,0,0,35,20.3,1014.6,1012.9,10.13,4.49
13.1107,80.2459,15,"chennai",-71,2025-01-16,26.1,17.83,4.47,41195.59,37061.89,0.1,1,37,19.5,1014.5,1012.7,8.87,3.93
13.1107,80.2459,15,"chennai",-70,2025-01-17,25.5,17.78,4.23,41220.48,37179.54,0.4,3,30,19.7,1013.4,1011.7,9.25,4.08
13.1107,80.2459,15,"chennai",-69,2025-01-18,25.4,9.17,3.03,41246.09,12096.7,2.1,4,87,19.9,1012.5,1010.8,9.6,4.27
13.1107,80.2459,15,"chennai",-68,2025-01-19,25.2,15.1,3.06,41272.4,34421.63,12.1,13,98,22.4,1012.5,1010.8,9.51,4.22
13.1107,80.2459,15,"chennai",-67,2025-01-20,25.1,19.49,4,41299.36,36000,0,0,79,20.8,1012.1,1010.4,7.69,3.33
13.1107,80.2459,15,"chennai",-66,2025-01-21,25,19.56,4.2,41326.93,37053.02,0,0,57,19.4,1011.5,1009.8,6.37,2.77
13.1107,80.2459,15,"chennai",-65,2025-01-22,25.3,18.6,3.99,41355.09,36932.86,0,0,40,20,1011.6,1009.9,6.21,2.53
13.1107,80.2459,15,"chennai",-64,2025-01-23,25.7,19.04,4.16,41383.79,34483.83,0,0,64,20,1011.8,1010,5.79,2.33
13.1107,80.2459,15,"chennai",-63,2025-01-24,25.1,19.54,4.21,41413,37929.51,0,0,33,18.8,1011.7,1010,5.52,2.13
13.1107,80.2459,15,"chennai",-62,2025-01-25,24.9,20.46,4.33,41442.68,37064.88,0.1,1,51,19.5,1012.2,1010.5,6.23,2.47
13.1107,80.2459,15,"chennai",-61,2025-01-26,24.5,20.78,4.22,41472.81,36157.96,0,0,80,20,1012.2,1010.4,5.77,2.17
13.1107,80.2459,15,"chennai",-60,2025-01-27,25,20.19,4.19,41503.36,35086.43,0,0,62,20.2,1011.5,1009.7,5.46,2.01
13.1107,80.2459,15,"chennai",-59,2025-01-28,25.8,20.92,4.47,41534.64,36858.72,0,0,84,19.2,1011.9,1010.2,5,1.73
13.1107,80.2459,15,"chennai",-58,2025-01-29,25.8,21.33,4.84,41566.71,36814.19,0,0,51,18.5,1013,1011.2,6.67,2.62
13.1107,80.2459,15,"chennai",-57,2025-01-30,26.3,19.86,4.38,41599.55,37723.64,0,0,32,20.9,1011.6,1009.9,6.83,2.71
13.1107,80.2459,15,"chennai",-56,2025-01-31,26.6,19.95,4.14,41633.09,36123.77,0.4,4,24,23,1011.1,1009.4,6.1,2.24
13.1107,80.2459,15,"chennai",-55,2025-02-01,26.8,19.93,4.22,41667.3,37481.43,1.1,8,31,22.7,1011.7,1009.9,5.75,2.12
13.1107,80.2459,15,"chennai",-54,2025-02-02,26.3,20.91,4.51,41702.14,37170.15,0.4,3,31,21.2,1012,1010.3,5.47,1.94
13.1107,80.2459,15,"chennai",-53,2025-02-03,25.7,21.79,4.59,41737.55,36459.79,0,0,36,20.1,1012.3,1010.5,5.09,1.72
13.1107,80.2459,15,"chennai",-52,2025-02-04,26,21.56,4.66,41773.5,33307.87,0,0,46,20.1,1012.4,1010.7,4.58,1.49
13.1107,80.2459,15,"chennai",-51,2025-02-05,26.7,21.61,4.78,41809.95,36979.95,0,0,29,20.3,1011.7,1010,5.01,1.71
13.1107,80.2459,15,"chennai",-50,2025-02-06,26.5,22.12,4.71,41846.84,37584.32,0,0,15,20.5,1011.6,1009.9,4.88,1.66
13.1107,80.2459,15,"chennai",-49,2025-02-07,26.1,21.55,4.53,41884.14,37341.39,0,0,69,21.2,1013,1011.3,4.9,1.62
13.1107,80.2459,15,"chennai",-48,2025-02-08,26.5,21.5,4.64,41921.82,36730.36,0,0,66,21.2,1012.8,1011.1,5.1,1.74
13.1107,80.2459,15,"chennai",-47,2025-02-09,26.5,20.75,4.51,41959.82,33716.08,0.2,2,50,21.6,1012.5,1010.7,5.86,2.13
13.1107,80.2459,15,"chennai",-46,2025-02-10,27,21.95,5.12,41998.1,37706.02,0.1,1,47,19.3,1013.5,1011.7,6.53,2.55
13.1107,80.2459,15,"chennai",-45,2025-02-11,26.6,22.96,5.03,42036.64,38663.95,0,0,82,19.3,1013.7,1011.9,5.5,1.89
13.1107,80.2459,15,"chennai",-44,2025-02-12,26.1,22.98,4.9,42075.39,37122.94,0,0,70,20.3,1013.3,1011.6,5.13,1.69
13.1107,80.2459,15,"chennai",-43,2025-02-13,25.9,23.36,4.99,42114.32,39083.66,0,0,70,20,1012.9,1011.1,5.25,1.79
13.1107,80.2459,15,"chennai",-42,2025-02-14,25.9,22.74,4.94,42153.38,36882.73,0,0,22,20.1,1012.4,1010.7,5.84,2.17
13.1107,80.2459,15,"chennai",-41,2025-02-15,26.3,22.9,4.93,42192.53,38090.66,0,0,38,21.3,1011.6,1009.9,6.34,2.39
13.1107,80.2459,15,"chennai",-40,2025-02-16,26.9,23.26,5.18,42231.77,38848,0,0,9,20.8,1012.3,1010.6,6.76,2.58
13.1107,80.2459,15,"chennai",-39,2025-02-17,27,22.74,4.95,42271.41,37992.58,0,0,16,21.3,1013.6,1011.9,6.02,2.13
13.1107,80.2459,15,"chennai",-38,2025-02-18,26.7,22.94,5.02,42311.55,37582.41,0,0,22,20.8,1013.5,1011.8,5.83,2.12
13.1107,80.2459,15,"chennai",-37,2025-02-19,26.5,23.34,5.02,42352.14,39303.4,0,0,6,21.2,1011.8,1010,6.13,2.25
13.1107,80.2459,15,"chennai",-36,2025-02-20,27,23.33,5.07,42393.17,39333.31,0,0,9,21.2,1012.5,1010.8,6.14,2.23
13.1107,80.2459,15,"chennai",-35,2025-02-21,27.1,22.92,4.91,42434.57,38992.82,0.3,3,21,21.6,1013.9,1012.2,5.44,1.81
13.1107,80.2459,15,"chennai",-34,2025-02-22,27.1,22.93,4.88,42476.33,39487.14,0,0,14,21.8,1014.2,1012.4,5.47,1.89
13.1107,80.2459,15,"chennai",-33,2025-02-23,27.4,23.16,5.05,42518.39,39529.86,0,0,10,21.8,1014.3,1012.5,5.77,2.02
13.1107,80.2459,15,"chennai",-32,2025-02-24,27.2,22.93,5.02,42560.73,37482.71,0,0,11,22.2,1014.5,1012.7,7.07,2.64
13.1107,80.2459,15,"chennai",-31,2025-02-25,27.9,23.67,5.55,42603.31,39286.91,0,0,30,21.3,1015.3,1013.6,8.12,3.26
13.1107,80.2459,15,"chennai",-30,2025-02-26,28.1,23.79,5.71,42646.09,39423.55,0,0,15,21.6,1015.1,1013.4,9.5,3.91
13.1107,80.2459,15,"chennai",-29,2025-02-27,27.8,23.51,5.48,42689.04,39249.29,0,0,74,21.5,1013.7,1011.9,8.45,3.4
13.1107,80.2459,15,"chennai",-28,2025-02-28,27.9,21.67,5.09,42732.12,39387.27,0.1,1,82,22,1012.7,1011,8.51,3.42
13.1107,80.2459,15,"chennai",-27,2025-03-01,28.2,22.61,5.07,42775.31,39421.57,0.4,4,26,22.9,1011.9,1010.1,8.04,3.23
13.1107,80.2459,15,"chennai",-26,2025-03-02,28.4,23.59,5.14,42818.55,39666.39,0,0,57,23,1010.5,1008.8,6.27,2.31
13.1107,80.2459,15,"chennai",-25,2025-03-03,28.3,23.35,5.12,42861.83,37575.41,0,0,67,23.4,1010.4,1008.7,5.79,1.97
13.1107,80.2459,15,"chennai",-24,2025-03-04,28.2,24.47,5.39,42905.11,39766.36,0,0,76,22.9,1010.4,1008.6,6.35,2.26
13.1107,80.2459,15,"chennai",-23,2025-03-05,28.4,23.42,5.33,42948.35,40091.62,0,0,67,22.6,1010.1,1008.3,6.43,2.43
13.1107,80.2459,15,"chennai",-22,2025-03-06,28.9,24.75,6.01,42991.52,39294.02,0,0,46,20.6,1010.7,1009,6.65,2.42
13.1107,80.2459,15,"chennai",-21,2025-03-07,27.4,25.55,5.69,43034.59,40271.8,0,0,59,20.2,1010.1,1008.4,6.2,2.29
13.1107,80.2459,15,"chennai",-20,2025-03-08,27.6,25.05,5.65,43077.54,40308.78,0,0,8,21.3,1009.1,1007.4,6.84,2.62
13.1107,80.2459,15,"chennai",-19,2025-03-09,27.5,24.49,5.47,43120.66,39671.64,0,0,21,21.7,1010.4,1008.7,7.01,2.64
13.1107,80.2459,15,"chennai",-18,2025-03-10,28.3,24.7,6.1,43164.07,39847.27,0.1,1,44,19.8,1012.6,1010.9,8.37,3.34
13.1107,80.2459,15,"chennai",-17,2025-03-11,26.9,15.85,3.81,43207.73,29525.35,14.8,15,95,22.6,1012.6,1010.9,9.03,3.6
13.1107,80.2459,15,"chennai",-16,2025-03-12,26.8,21.72,4.37,43251.6,38709.88,1.8,6,61,24,1011.2,1009.5,5.61,1.89
13.1107,80.2459,15,"chennai",-15,2025-03-13,28.1,24.68,5.35,43295.66,40393.43,0,0,47,23.8,1010,1008.3,5.79,2.09
13.1107,80.2459,15,"chennai",-14,2025-03-14,28.5,24.81,5.59,43339.88,39283.09,0,0,25,23.5,1010.3,1008.6,7.18,2.8
13.1107,80.2459,15,"chennai",-13,2025-03-15,28.9,25.26,5.86,43384.22,40581.81,0,0,23,22.7,1011.1,1009.4,7.57,2.94
13.1107,80.2459,15,"chennai",-12,2025-03-16,28.9,23.52,5.32,43428.67,39930.5,0.4,4,18,23.7,1011.3,1009.5,6.4,2.28
13.1107,80.2459,15,"chennai",-11,2025-03-17,29.4,23.67,5.44,43473.18,40446.34,0.1,1,45,24.1,1010.6,1008.9,7.68,2.93
13.1107,80.2459,15,"chennai",-10,2025-03-18,29.3,23.86,5.5,43517.73,40595.89,0.2,2,25,24.2,1010.7,1009,7.73,3.02
13.1107,80.2459,15,"chennai",-9,2025-03-19,29.4,24.36,5.66,43562.28,40419.36,0.4,3,52,23.9,1012.6,1010.9,8.04,3.18
13.1107,80.2459,15,"chennai",-8,2025-03-20,29.6,25.25,5.97,43606.81,40569.2,0,0,10,23.1,1013.8,1012.1,7.88,3.06
13.1107,80.2459,15,"chennai",-7,2025-03-21,29.7,25.21,6.01,43651.29,40610.23,0,0,11,23.3,1013.7,1011.9,8.54,3.4
13.1107,80.2459,15,"chennai",-6,2025-03-22,29.5,22.96,5.34,43695.7,40214.4,0.4,3,21,24.2,1012.8,1011.1,8.22,3.29
13.1107,80.2459,15,"chennai",-5,2025-03-23,29.6,23.52,5.62,43739.98,40254.69,0.2,2,25,23.5,1012.8,1011.1,7.91,3.14
13.1107,80.2459,15,"chennai",-4,2025-03-24,28.9,23.03,5.17,43784.14,40082.55,0.6,4,22,23.8,1012.3,1010.6,6.69,2.5
13.1107,80.2459,15,"chennai",-3,2025-03-25,28.7,24.72,5.55,43828.12,40992.01,0,0,13,23.1,1009.8,1008,6.38,2.28
13.1107,80.2459,15,"chennai",-2,2025-03-26,29,24.42,5.73,43871.89,40903.81,0,0,17,22.8,1008.4,1006.7,7.12,2.72
13.1107,80.2459,15,"chennai",-1,2025-03-27,29.8,24.98,6.1,43915.43,40063.42,0,0,38,22.9,1007.6,1005.9,7.62,2.97
13.1107,80.2459,15,"chennai",0,2025-03-28,30.1,24.34,6.14,43958.72,40465.47,0,0,82,22.9,1007,1005.3,8.47,3.41
13.1107,80.2459,15,"chennai",1,2025-03-29,30.4,26.3,6.67,44002.05,41126.78,0,0,25,21.4,1007.2,1005.5,7.59,3.03
13.1107,80.2459,15,"chennai",2,2025-03-30,29.4,25.86,6.24,44045.49,40907.36,0,0,4,22.8,1008.8,1007.1,8.36,3.33
13.1107,80.2459,15,"chennai",3,2025-03-31,29.1,24.91,5.95,44089.04,40908.29,0,0,26,22.1,1009.2,1007.5,7.55,2.93
13.1107,80.2459,15,"chennai",4,2025-04-01,29.2,25.1,6.13,44132.64,40909.23,0.2,1,20,20.8,1008.8,1007.1,7.44,2.87
13.1107,80.2459,15,"chennai",5,2025-04-02,29.9,24.09,5.92,44176.28,40135.2,0.8,5,36,22.9,1009.3,1007.6,8.23,3.19
13.1107,80.2459,15,"chennai",6,2025-04-03,29,19.62,4.65,44219.93,32622.81,0,0,93,23.8,1011,1009.3,7.53,2.82
13.1107,80.2459,15,"chennai",7,2025-04-04,28.4,21.39,4.53,44263.56,36573.33,7.3,6,65,24.3,1011.1,1009.4,6.46,2.35
13.1107,80.2459,15,"chennai",8,2025-04-05,29.1,22.49,5.05,44307.13,36017.68,2.9,7,54,23.2,1009.9,1008.2,5.61,1.82
13.1107,80.2459,15,"chennai",9,2025-04-06,30,20.85,4.96,44350.64,38879.82,0.1,1,43,23.5,1008.5,1006.8,5.81,2.05
13.1107,80.2459,15,"chennai",10,2025-04-07,30,24.71,5.65,44394.03,40692.88,0.2,2,59,24.3,1009,1007.3,6.51,2.33
13.1107,80.2459,15,"chennai",11,2025-04-08,30.1,24.98,5.92,44437.29,40693.84,0,0,65,23.7,1009.9,1008.2,7.01,2.55
13.1107,80.2459,15,"chennai",12,2025-04-09,30.1,24.94,5.91,44480.38,40583.14,0,0,29,23.4,1008.7,1007,7.67,2.87
13.1107,80.2459,15,"chennai",13,2025-04-10,30.8,22.65,5.64,44523.26,40472.16,0.5,1,70,23.6,1006.2,1004.5,7.02,2.6
13.1107,80.2459,15,"chennai",14,2025-04-11,31.4,24.26,5.9,44565.92,40360.91,0,0,43,24.7,1005.5,1003.8,6.99,2.59
13.1107,80.2459,15,"chennai",15,2025-04-12,31.8,24.06,6.21,44608.32,40473.75,0,0,29,23,1006.3,1004.6,6.99,2.72
13.1107,80.2459,15,"chennai",16,2025-04-13,31.1,23.44,5.49,44650.43,39476.46,2.3,1,25,25,1007.7,1006,5.95,2.04
13.1107,80.2459,15,"chennai",17,2025-04-14,30.3,23.53,5.55,44692.2,38251.93,0.1,1,26,24.7,1008.2,1006.5,6.89,2.51
13.1107,80.2459,15,"chennai",18,2025-04-15,30.3,21.83,5.38,44733.62,35019.29,2.9,2,31,24.3,1008.5,1006.8,7.95,3.08
13.1107,80.2459,15,"chennai",19,2025-04-16,30.5,21.67,5.56,44774.65,40477.27,2,7,23,23.7,1008.8,1007.1,8.36,3.32
13.1107,80.2459,15,"chennai",20,2025-04-17,30.1,23.35,5.46,44815.27,40478.23,4.2,3,14,24.6,1007.8,1006.1,8.03,3.17
13.1107,80.2459,15,"chennai",21,2025-04-18,31,23.8,6,44855.75,40592.77,0,0,14,24.8,1007,1005.3,9.03,3.64
13.1107,80.2459,15,"chennai",22,2025-04-19,31.6,24.06,6.15,44896.17,40252.59,0,0,49,24.9,1006.5,1004.8,8.75,3.49
13.1107,80.2459,15,"chennai",23,2025-04-20,31.6,25.24,6.36,44936.5,40823.54,0,0,22,25.2,1006.8,1005.1,9.25,3.7
13.1107,80.2459,15,"chennai",24,2025-04-21,31,25.16,6.04,44976.72,40825.41,0.2,2,15,25.4,1008.7,1007,8.59,3.39
13.1107,80.2459,15,"chennai",25,2025-04-22,30.7,24.88,6.12,45016.8,40598.05,0,0,20,24.5,1009.7,1008,8.35,3.33
13.1107,80.2459,15,"chennai",26,2025-04-23,31.1,25.05,6.37,45056.7,40714.39,0,0,7,24.2,1008.1,1006.4,8.89,3.56
13.1107,80.2459,15,"chennai",27,2025-04-24,31.2,25.21,6.28,45096.38,40831.36,0,0,27,25,1007.1,1005.4,9.03,3.62
13.1107,80.2459,15,"chennai",28,2025-04-25,31,24.84,6.08,45135.83,40833.42,0.4,4,10,25.3,1007.4,1005.7,9.3,3.78
13.1107,80.2459,15,"chennai",29,2025-04-26,30.9,24.97,6.12,45175.01,40719.68,0.4,3,29,25,1007.6,1005.9,9.46,3.82
13.1107,80.2459,15,"chennai",30,2025-04-27,30.7,23.78,5.83,45213.88,40489.14,0.2,2,78,24.3,1008.6,1006.9,7.94,3.02
13.1107,80.2459,15,"chennai",31,2025-04-28,30.6,22.29,5.71,45252.41,40103.5,0.3,3,63,23.6,1007.7,1006,8.03,3.16
13.1107,80.2459,15,"chennai",32,2025-04-29,30.6,23.95,5.83,45290.57,40608.38,0.5,4,25,24.3,1006.9,1005.2,8.48,3.31
13.1107,80.2459,15,"chennai",33,2025-04-30,31.3,24.7,6.29,45328.32,40258.27,0,0,43,24.6,1007.2,1005.5,8.69,3.46
13.1107,80.2459,15,"chennai",34,2025-05-01,31.6,23.72,6.2,45365.62,40066.39,1.2,2,71,24.3,1007.7,1006,8.56,3.37
13.1107,80.2459,15,"chennai",35,2025-05-02,31.5,22.74,5.89,45402.46,36872.27,0.4,2,61,25.1,1008,1006.3,8.82,3.5
13.1107,80.2459,15,"chennai",36,2025-05-03,31.9,23.67,6.32,45438.77,40141.28,0.5,1,39,24.7,1006.8,1005.1,9.2,3.68
13.1107,80.2459,15,"chennai",37,2025-05-04,31.7,23.57,6.08,45474.54,40141.29,1,2,23,24.8,1006.3,1004.7,8.69,3.29
13.1107,80.2459,15,"chennai",38,2025-05-05,30.3,24.26,5.84,45509.71,38874.21,0,0,73,24.2,1006.3,1004.6,7.8,3.18
13.1107,80.2459,15,"chennai",39,2025-05-06,31.3,23.48,5.74,45544.26,40380.24,0,0,50,25.4,1006.8,1005.2,8.03,3.08
13.1107,80.2459,15,"chennai",40,2025-05-07,31.3,23.7,5.9,45578.16,40380.94,0.6,1,54,24.1,1006.2,1004.5,7.6,2.87
13.1107,80.2459,15,"chennai",41,2025-05-08,31,22.65,5.55,45611.66,40140.8,9.6,4,59,23.9,1006.5,1004.8,7.09,2.33
13.1107,80.2459,15,"chennai",42,2025-05-09,30.9,23.37,5.74,45644.82,37392.89,0.2,1,20,23.3,1007.2,1005.5,6.26,2.19
13.1107,80.2459,15,"chennai",43,2025-05-10,31.6,23.8,6.1,45677.62,40382.86,1.4,3,38,24.2,1007.3,1005.6,8.16,3.08
13.1107,80.2459,15,"chennai",44,2025-05-11,32,23.06,5.86,45710.04,40383.42,0.1,1,25,25,1005.8,1004.1,7.18,2.72
13.1107,80.2459,15,"chennai",45,2025-05-12,32.6,23.76,6.25,45742.04,40506.21,0.1,1,26,23.9,1004.2,1002.6,7.05,2.62
13.1107,80.2459,15,"chennai",46,2025-05-13,32.9,23.59,6.37,45773.58,39717.73,0,0,60,23.5,1004,1002.3,7.17,2.67
13.1107,80.2459,15,"chennai",47,2025-05-14,32.1,24,5.89,45804.64,40631.36,0,0,52,25.4,1005.1,1003.4,6.85,2.43
13.1107,80.2459,15,"chennai",48,2025-05-15,32,24.4,6.02,45835.2,40632.76,0.5,1,47,24.8,1005.6,1004,7.09,2.52
13.1107,80.2459,15,"chennai",49,2025-05-16,31.6,22.84,5.52,45865.21,39600,2.9,6,69,25.5,1005.5,1003.8,7.18,2.38
13.1107,80.2459,15,"chennai",50,2025-05-17,29.4,12.52,3.37,45894.64,16061.2,2.4,4,98,24,1005.3,1003.6,6.65,2.51
13.1107,80.2459,15,"chennai",51,2025-05-18,29.3,19.5,4.63,45923.46,38932.22,12.4,5,100,24.3,1004.2,1002.5,6.92,2.7
13.1107,80.2459,15,"chennai",52,2025-05-19,27.6,13.73,2.93,45951.65,24369.84,21.1,21,100,25.4,1003.4,1001.7,4.54,1.68
13.1107,80.2459,15,"chennai",53,2025-05-20,28.1,12.29,2.75,45979.16,8091.01,2.7,12,97,25.3,1003,1001.3,4.88,1.8
13.1107,80.2459,15,"chennai",54,2025-05-21,29.6,18.57,4.29,46005.96,30795.68,0.8,1,100,24.9,1003.9,1002.2,4.84,1.91
13.1107,80.2459,15,"chennai",55,2025-05-22,29.9,19.87,5.25,46032.02,27122.12,0.3,2,100,22.6,1004.5,1002.8,6.89,3.01
13.1107,80.2459,15,"chennai",56,2025-05-23,30.4,24.03,5.86,46057.3,40642.17,6.1,6,66,24.6,1002.6,1000.9,8.3,3.49
13.1107,80.2459,15,"chennai",57,2025-05-24,31.2,18.06,5.25,46081.77,22732.65,0.2,1,98,23.7,1001.8,1000.2,7.97,3.19
13.1107,80.2459,15,"chennai",58,2025-05-25,31.7,20.61,6.03,46105.39,30996.78,0,0,92,22.7,1002.5,1000.8,8.5,3.26
13.1107,80.2459,15,"chennai",59,2025-05-26,30.4,11.6,4.45,46128.13,15304.79,0.5,3,100,22.6,1002.2,1000.5,10.18,4.14
13.1107,80.2459,15,"chennai",60,2025-05-27,31.6,14.41,5.65,46149.97,24936.12,0,0,100,21.6,1000.8,999.2,10.9,4.35
13.1107,80.2459,15,"chennai",61,2025-05-28,31.5,18.15,6.21,46171.07,30480.78,3.6,6,100,21.6,1000.6,998.9,10.99,4.34
13.1107,80.2459,15,"chennai",62,2025-05-29,32.2,19.24,6.89,46191.48,26703.49,2.1,4,100,21.3,1000.5,998.8,11.61,4.6
13.1107,80.2459,15,"chennai",63,2025-05-30,30.1,15.73,4.67,46211.2,20957.68,9.6,6,100,23,1001.7,1000,8.66,3.27
13.1107,80.2459,15,"chennai",64,2025-05-31,30.4,21.45,5.3,46230.19,36507.15,0,0,98,24.4,1004.1,1002.4,6.89,2.88
13.1107,80.2459,15,"chennai",65,2025-06-01,30.9,24.34,6.08,46248.44,40835.72,0,0,88,23.9,1005.4,1003.7,7.42,3.22
12.6889,79.9728,69,"chengalpattu",-300,2024-06-01,33,23.57,6.52,46166.18,40186.62,26.9,5,57,25.4,1003.4,995.7,7.67,3.35
12.6889,79.9728,69,"chengalpattu",-299,2024-06-02,29.8,21.23,5.02,46182.59,36109.58,21.1,11,78,24.8,1005.7,997.9,6.24,2.46
12.6889,79.9728,69,"chengalpattu",-298,2024-06-03,29.1,11.15,2.71,46198.25,14184.98,4.7,9,100,25.5,1006.4,998.6,4.6,1.98
12.6889,79.9728,69,"chengalpattu",-297,2024-06-04,29.9,16.23,3.87,46213.14,31917.74,2.8,3,98,25.3,1006.8,999,4.75,2.09
12.6889,79.9728,69,"chengalpattu",-296,2024-06-05,28.6,11.88,2.86,46227.27,11994.69,28.7,11,96,25.4,1007.4,999.6,5.6,2.52
12.6889,79.9728,69,"chengalpattu",-295,2024-06-06,27.4,12.5,2.73,46240.61,17682.3,31.5,21,98,25.3,1008.2,1000.3,5.75,2.7
12.6889,79.9728,69,"chengalpattu",-294,2024-06-07,27.7,12.36,2.97,46253.15,14087.33,9.8,13,94,24.7,1006.8,998.9,6.26,3.17
12.6889,79.9728,69,"chengalpattu",-293,2024-06-08,29.1,18.14,4.62,46264.88,26656.54,0.2,2,94,24.5,1005.9,998.1,8.02,4.17
12.6889,79.9728,69,"chengalpattu",-292,2024-06-09,29.9,22.35,5.75,46275.79,37258.56,0.4,1,98,23.7,1005.4,997.7,8.22,4.09
12.6889,79.9728,69,"chengalpattu",-291,2024-06-10,30.8,22.83,6.26,46285.86,39600,1.7,4,88,22.9,1005.3,997.5,7.45,3.74
12.6889,79.9728,69,"chengalpattu",-290,2024-06-11,30.7,20.31,5.68,46295.07,38577.53,2.9,4,99,22.4,1005.4,997.7,6.85,3.28
12.6889,79.9728,69,"chengalpattu",-289,2024-06-12,30.1,11.21,3.93,46303.43,9589.15,0.2,1,97,22,1006.8,999.1,6.75,3.26
12.6889,79.9728,69,"chengalpattu",-288,2024-06-13,30.6,18.51,5.22,46310.93,31950.73,0.1,1,99,21.7,1006.6,998.9,5.7,2.76
12.6889,79.9728,69,"chengalpattu",-287,2024-06-14,30.9,16.35,4.96,46317.53,26955.57,0.3,2,97,21.8,1005.4,997.6,5.7,2.83
12.6889,79.9728,69,"chengalpattu",-286,2024-06-15,30.5,15.4,4.48,46323.24,21294.96,0.2,1,100,22,1004.9,997.1,5.13,2.37
12.6889,79.9728,69,"chengalpattu",-285,2024-06-16,31.3,22.51,6.01,46328.05,41531.82,0.1,1,91,22.7,1005.1,997.3,5.56,2.62
12.6889,79.9728,69,"chengalpattu",-284,2024-06-17,30.9,21.56,5.7,46331.94,35716.69,0.1,1,87,23.4,1005.5,997.8,5.92,2.91
12.6889,79.9728,69,"chengalpattu",-283,2024-06-18,30.7,22.09,5.91,46334.91,41759,0.1,1,83,23.3,1005.3,997.6,7.54,3.53
12.6889,79.9728,69,"chengalpattu",-282,2024-06-19,28.5,19.5,4.53,46336.93,30220.38,18.6,13,86,24.1,1004.8,997,6.58,2.72
12.6889,79.9728,69,"chengalpattu",-281,2024-06-20,29.2,22.31,5.42,46338.02,41055.61,1.4,6,95,23.5,1004.7,996.9,6.78,3.31
12.6889,79.9728,69,"chengalpattu",-280,2024-06-21,29.2,22.65,5.59,46338.14,39196.21,14,3,93,22.8,1004.4,996.6,6.64,3.1
12.6889,79.9728,69,"chengalpattu",-279,2024-06-22,30,21.04,5.52,46337.3,37879.82,0.7,5,96,22.9,1002.4,994.7,6.45,3.31
12.6889,79.9728,69,"chengalpattu",-278,2024-06-23,30.1,23.12,5.82,46335.5,40486.26,0.3,2,62,23.3,1001.9,994.2,6.45,3.14
12.6889,79.9728,69,"chengalpattu",-277,2024-06-24,29.8,20.65,5.46,46332.75,38691.23,1.1,4,94,22.9,1001.7,993.9,6.89,3.42
12.6889,79.9728,69,"chengalpattu",-276,2024-06-25,29.8,21.55,5.56,46329.06,39600,0.8,2,98,23,1001.7,993.9,6.83,3.3
12.6889,79.9728,69,"chengalpattu",-275,2024-06-26,30.2,14.78,5.04,46324.44,21193.49,0,0,100,22.2,1001.8,994,7.98,4.12
12.6889,79.9728,69,"chengalpattu",-274,2024-06-27,30.1,14.66,4.74,46318.91,16184.03,0.6,3,100,22.1,1003.7,996,7.11,3.45
12.6889,79.9728,69,"chengalpattu",-273,2024-06-28,30.6,21.36,6.05,46312.48,33134.4,0.1,1,98,22.4,1004.6,996.8,7.3,3.64
12.6889,79.9728,69,"chengalpattu",-272,2024-06-29,30.7,22.2,5.88,46305.18,38018.34,0,0,94,23.2,1005.4,997.6,6.9,3.4
12.6889,79.9728,69,"chengalpattu",-271,2024-06-30,30.2,14.35,4.29,46296.98,19765.84,0.1,1,100,24.1,1006.3,998.5,7.18,3.67
12.6889,79.9728,69,"chengalpattu",-270,2024-07-01,29.3,14.81,4.2,46287.94,19937.58,0.9,3,100,23.8,1006.3,998.5,7.13,3.56
12.6889,79.9728,69,"chengalpattu",-269,2024-07-02,30.2,17.24,5.13,46278.05,29780.57,0,0,100,22.4,1004.9,997.1,6.99,3.6
12.6889,79.9728,69,"chengalpattu",-268,2024-07-03,30.4,22.7,5.77,46267.32,42193.57,2.4,6,92,23,1005.2,997.4,6.21,2.86
12.6889,79.9728,69,"chengalpattu",-267,2024-07-04,29,12.95,3.8,46255.79,13685.74,2.1,5,99,22.6,1006.5,998.7,5.88,2.8
12.6889,79.9728,69,"chengalpattu",-266,2024-07-05,30.2,21.05,5.6,46243.44,35106.05,1,3,96,22.7,1004.9,997.1,6.62,3.14
12.6889,79.9728,69,"chengalpattu",-265,2024-07-06,28.7,12.04,3.47,46230.31,10688.53,1.6,4,100,22.8,1004.6,996.8,5.57,2.75
12.6889,79.9728,69,"chengalpattu",-264,2024-07-07,29.9,21.8,5.59,46216.41,36143.03,1.8,1,93,22.4,1004.1,996.3,5.81,2.7
12.6889,79.9728,69,"chengalpattu",-263,2024-07-08,28.7,11.89,3.39,46201.74,7457.18,0.9,6,99,23.2,1003.9,996.1,5.67,2.82
12.6889,79.9728,69,"chengalpattu",-262,2024-07-09,29.4,18.27,4.67,46186.34,29809.83,0.2,1,100,22.6,1005.1,997.3,5.12,2.38
12.6889,79.9728,69,"chengalpattu",-261,2024-07-10,30.5,22.39,5.77,46170.2,41465.01,0.2,2,88,22.6,1006.8,999.1,6.14,2.91
12.6889,79.9728,69,"chengalpattu",-260,2024-07-11,29.9,19.67,5.19,46153.34,36000,0,0,99,22.6,1006.4,998.6,5.86,2.75
12.6889,79.9728,69,"chengalpattu",-259,2024-07-12,29.7,21.26,5.38,46135.61,39922.41,16.6,9,79,23.4,1004.6,996.8,7.13,3.4
12.6889,79.9728,69,"chengalpattu",-258,2024-07-13,28,9.69,2.79,46116.97,3572.85,4.3,5,100,23.8,1004.2,996.4,6.2,3.2
12.6889,79.9728,69,"chengalpattu",-257,2024-07-14,27.3,7.37,2.04,46097.46,0,2.7,13,100,23.4,1003.1,995.3,4.1,2.03
12.6889,79.9728,69,"chengalpattu",-256,2024-07-15,26.4,7.82,2.06,46077.1,4031.18,13.8,20,100,24,1002.6,994.7,7.88,4.2
12.6889,79.9728,69,"chengalpattu",-255,2024-07-16,26.4,7.83,2.3,46055.94,1339.11,4.8,14,100,23.4,1002.9,995,8.91,4.57
12.6889,79.9728,69,"chengalpattu",-254,2024-07-17,28.1,12.32,3.7,46033.99,9052.49,0.5,5,100,23,1003.8,996,7.56,3.99
12.6889,79.9728,69,"chengalpattu",-253,2024-07-18,28.2,13.32,4.01,46011.3,13045.91,2.6,6,100,22.8,1003.6,995.8,8.71,4.51
12.6889,79.9728,69,"chengalpattu",-252,2024-07-19,26.2,6.64,2.06,45987.88,0,0.6,6,100,23.2,1002.9,995.1,7.48,4
12.6889,79.9728,69,"chengalpattu",-251,2024-07-20,28,11.9,3.52,45963.78,4687.19,0.4,3,100,22.3,1003.3,995.5,6.38,3.38
12.6889,79.9728,69,"chengalpattu",-250,2024-07-21,30.2,18.22,5.77,45939.02,32690.09,0.2,2,100,21.3,1004,996.2,7.92,4.13
12.6889,79.9728,69,"chengalpattu",-249,2024-07-22,30.3,16.66,5.77,45913.63,21617.84,0,0,100,20.7,1005.7,997.9,8.18,4.24
12.6889,79.9728,69,"chengalpattu",-248,2024-07-23,30.4,23.2,6.6,45887.64,41740.61,0.5,3,98,21.7,1006.4,998.6,8.4,4.23
12.6889,79.9728,69,"chengalpattu",-247,2024-07-24,30.9,20.56,6.65,45861.09,37580.98,0,0,100,20.9,1004.5,996.7,8.82,4.58
12.6889,79.9728,69,"chengalpattu",-246,2024-07-25,30.7,18.54,6.32,45833.99,30947.68,0.4,2,98,20.9,1003.1,995.3,8.93,4.52
12.6889,79.9728,69,"chengalpattu",-245,2024-07-26,30.8,17.43,5.94,45806.39,34453.89,0.4,2,99,21.2,1003.1,995.4,8.77,4.4
12.6889,79.9728,69,"chengalpattu",-244,2024-07-27,31,18.58,6.26,45778.31,31439.02,0.5,2,100,20.7,1003.5,995.7,8.96,4.37
12.6889,79.9728,69,"chengalpattu",-243,2024-07-28,30.2,14.75,5.8,45749.78,25023.96,0,0,98,19.1,1002.3,994.6,8.45,4.34
12.6889,79.9728,69,"chengalpattu",-242,2024-07-29,30.4,19.21,5.81,45720.82,34389,9.1,4,95,21.1,1002,994.2,7.3,3.53
12.6889,79.9728,69,"chengalpattu",-241,2024-07-30,29.9,21.09,5.56,45691.46,37861.36,11.5,3,89,22.8,1004.6,996.8,7.07,3.34
12.6889,79.9728,69,"chengalpattu",-240,2024-07-31,30.5,18.54,5.58,45661.73,39027.39,0.3,1,91,21.4,1006,998.3,7.01,3.5
12.6889,79.9728,69,"chengalpattu",-239,2024-08-01,30.1,11.97,4.1,45631.38,17359.56,0.1,1,100,21.6,1005.8,998,6.1,3.07
12.6889,79.9728,69,"chengalpattu",-238,2024-08-02,30.3,20.82,5.48,45600.36,34690.16,4.5,1,100,22.4,1005.9,998.1,6,2.81
12.6889,79.9728,69,"chengalpattu",-237,2024-08-03,29.8,22.53,5.46,45568.71,39732.32,3.6,2,97,22.2,1006.9,999.1,5.01,2.29
12.6889,79.9728,69,"chengalpattu",-236,2024-08-04,29.4,21.82,4.98,45536.46,33253.76,0.5,3,73,23.5,1007.2,999.4,4.15,1.71
12.6889,79.9728,69,"chengalpattu",-235,2024-08-05,28,18.84,4.15,45503.65,25200,7,9,95,23.9,1007.7,999.9,4.45,2.05
12.6889,79.9728,69,"chengalpattu",-234,2024-08-06,28.4,19.66,4.44,45470.31,36663.28,30,11,92,24,1006.6,998.8,4.91,2.13
12.6889,79.9728,69,"chengalpattu",-233,2024-08-07,27.9,16.21,3.64,45436.47,19876.1,2.4,7,99,23.8,1006.8,999,3.76,1.74
12.6889,79.9728,69,"chengalpattu",-232,2024-08-08,27.7,21.83,4.65,45402.18,36573.17,18.9,9,73,23.8,1007.4,999.5,5.12,2.29
12.6889,79.9728,69,"chengalpattu",-231,2024-08-09,27.8,23.21,4.95,45367.46,41389.42,19,18,59,24.2,1007.7,999.9,5.31,2.35
12.6889,79.9728,69,"chengalpattu",-230,2024-08-10,27.7,21.66,4.61,45332.34,41650.01,22.2,12,91,24.3,1007.7,999.9,4.8,2.04
12.6889,79.9728,69,"chengalpattu",-229,2024-08-11,28.4,23.44,5.11,45296.87,41644.73,13.8,9,55,24.4,1005.7,997.9,5.33,2.15
12.6889,79.9728,69,"chengalpattu",-228,2024-08-12,28.4,23.94,5.21,45261.07,40332.59,17.4,9,92,24.3,1005.2,997.4,4.9,2
12.6889,79.9728,69,"chengalpattu",-227,2024-08-13,28.2,23.59,5.09,45224.96,41893.38,0.6,3,52,24.2,1005.9,998.1,5.42,2.47
12.6889,79.9728,69,"chengalpattu",-226,2024-08-14,28.1,19.77,4.18,45188.59,38248.33,4.9,8,62,25,1005.4,997.5,4.09,1.72
12.6889,79.9728,69,"chengalpattu",-225,2024-08-15,28.6,22.09,4.81,45151.99,40338.64,1,7,88,24.8,1004.6,996.8,5.54,2.65
12.6889,79.9728,69,"chengalpattu",-224,2024-08-16,28.8,22.86,5.13,45115.18,41487.87,0.5,4,98,24.5,1003.9,996.1,7.01,3.52
12.6889,79.9728,69,"chengalpattu",-223,2024-08-17,28.8,21.47,4.75,45078.19,40722.45,1.6,7,90,24.7,1004.8,997,4.83,2.07
12.6889,79.9728,69,"chengalpattu",-222,2024-08-18,28.9,23.16,5.05,45041.05,41350.52,1.2,3,61,24.5,1005.5,997.7,4.5,1.76
12.6889,79.9728,69,"chengalpattu",-221,2024-08-19,28.9,21.45,4.88,45003.79,39688.84,3.7,5,76,24.6,1005.2,997.4,6.15,2.98
12.6889,79.9728,69,"chengalpattu",-220,2024-08-20,28.5,21.24,4.81,44966.43,40220.84,5.5,10,90,24.4,1005.5,997.7,6.28,3.07
12.6889,79.9728,69,"chengalpattu",-219,2024-08-21,28.9,19.8,4.98,44928.71,35510.09,0.5,5,80,23.8,1006.7,998.9,8.39,4.26
12.6889,79.9728,69,"chengalpattu",-218,2024-08-22,28.8,18.98,5.07,44890.57,28366.49,0,0,92,22.5,1007.7,999.9,7.55,3.85
12.6889,79.9728,69,"chengalpattu",-217,2024-08-23,29.7,23.28,5.92,44852.02,38603.79,0,0,81,23.6,1007.9,1000.1,8.13,4.24
12.6889,79.9728,69,"chengalpattu",-216,2024-08-24,30.1,21.66,6.04,44813.12,35570.67,0,0,98,22.4,1008,1000.2,8.24,4.22
12.6889,79.9728,69,"chengalpattu",-215,2024-08-25,30.6,22.62,6.06,44773.88,39344.02,0.1,1,92,21.1,1007.3,999.5,6.15,2.92
12.6889,79.9728,69,"chengalpattu",-214,2024-08-26,30.6,23.82,6.58,44734.33,40003.64,0,0,89,20.6,1006.5,998.7,7.04,3.42
12.6889,79.9728,69,"chengalpattu",-213,2024-08-27,29.9,16.37,4.51,44694.52,26445.75,0,0,100,21.9,1007.6,999.8,5.27,2.48
12.6889,79.9728,69,"chengalpattu",-212,2024-08-28,27,5.94,1.67,44654.46,0,5.3,11,100,23.2,1008.3,1000.4,3.79,1.81
12.6889,79.9728,69,"chengalpattu",-211,2024-08-29,27.4,12.96,3.39,44614.18,10935.74,8.8,10,100,23.1,1006.2,998.4,7.23,3.41
12.6889,79.9728,69,"chengalpattu",-210,2024-08-30,27.6,10.92,3.17,44573.72,5389.89,10.1,5,100,22.5,1005.7,997.9,6.59,3.24
12.6889,79.9728,69,"chengalpattu",-209,2024-08-31,28.5,14.78,4.08,44533.11,18235.96,0.1,1,100,22.4,1005.2,997.4,6.54,3.31
12.6889,79.9728,69,"chengalpattu",-208,2024-09-01,29.1,21.24,5.48,44492.37,36538.3,0.9,2,80,22.2,1004.5,996.7,6.93,3.38
12.6889,79.9728,69,"chengalpattu",-207,2024-09-02,29.3,22.8,5.67,44451.52,39642.7,2.4,1,74,22.7,1004.8,997,6.55,3.17
12.6889,79.9728,69,"chengalpattu",-206,2024-09-03,28.3,17.5,4.09,44410.61,30664.7,4.4,6,99,23.9,1006.5,998.7,5.49,2.33
12.6889,79.9728,69,"chengalpattu",-205,2024-09-04,28.9,14.46,3.96,44369.64,16455.71,0,0,98,23.1,1006.4,998.6,5.8,3
12.6889,79.9728,69,"chengalpattu",-204,2024-09-05,29.3,22.64,5.46,44328.66,37394.93,6.3,5,100,23,1005.1,997.3,6.28,2.97
12.6889,79.9728,69,"chengalpattu",-203,2024-09-06,29,12.88,3.5,44287.7,11116.3,1.8,4,100,23,1005.5,997.7,5.53,2.56
12.6889,79.9728,69,"chengalpattu",-202,2024-09-07,28.8,13.73,3.76,44246.75,16670.54,5.4,5,100,23,1006.2,998.4,5.83,2.67
12.6889,79.9728,69,"chengalpattu",-201,2024-09-08,29.2,19.22,5.14,44205.88,28613.62,0,0,100,22.5,1006.6,998.8,7.17,3.56
12.6889,79.9728,69,"chengalpattu",-200,2024-09-09,29.6,18.16,5.2,44165.07,26525.38,0,0,94,22.4,1004.6,996.8,7.5,3.84
12.6889,79.9728,69,"chengalpattu",-199,2024-09-10,30.1,22.69,5.86,44124.08,39950.29,0.5,2,64,22.6,1004.4,996.6,7.13,3.46
12.6889,79.9728,69,"chengalpattu",-198,2024-09-11,29.8,21.47,5.53,44082.83,36012.91,0.8,2,82,22.5,1006.1,998.3,6.32,3.07
12.6889,79.9728,69,"chengalpattu",-197,2024-09-12,30,23.99,5.85,44041.34,39600,0.6,3,56,21.9,1007.2,999.4,5.3,2.46
12.6889,79.9728,69,"chengalpattu",-196,2024-09-13,30.4,22.78,5.66,43999.66,39600,0.4,3,99,23.2,1006.7,998.9,5.93,2.86
12.6889,79.9728,69,"chengalpattu",-195,2024-09-14,30.9,23.53,6.03,43957.8,39600,0.1,1,98,22.5,1005.8,998.1,5.95,2.85
12.6889,79.9728,69,"chengalpattu",-194,2024-09-15,30.8,23.17,6.22,43915.78,37809.88,0.1,1,74,21.7,1005.8,998,6.27,3.07
12.6889,79.9728,69,"chengalpattu",-193,2024-09-16,30.9,24.52,6.61,43873.65,39783.77,0,0,73,21.1,1006,998.2,6.63,3.25
12.6889,79.9728,69,"chengalpattu",-192,2024-09-17,31.1,23.98,6.5,43831.42,39702.75,0,0,26,21.9,1005.7,997.9,7.01,3.29
12.6889,79.9728,69,"chengalpattu",-191,2024-09-18,30.6,23.57,5.96,43789.12,39625.42,0.2,2,27,21.7,1005.1,997.3,5.6,2.56
12.6889,79.9728,69,"chengalpattu",-190,2024-09-19,29.3,23.07,5.44,43746.78,39632.05,0.5,1,36,22.5,1005.5,997.7,4.82,1.96
12.6889,79.9728,69,"chengalpattu",-189,2024-09-20,30.8,22.68,5.63,43704.43,39600,0,0,83,22,1005.1,997.3,4.96,2.25
12.6889,79.9728,69,"chengalpattu",-188,2024-09-21,28.8,10.65,2.94,43662.09,6634.5,0.8,4,100,23.2,1005.7,997.9,4.06,1.72
12.6889,79.9728,69,"chengalpattu",-187,2024-09-22,29.5,9.77,3.1,43619.78,573.71,0,0,100,22.4,1004.8,997.1,4.92,2.18
12.6889,79.9728,69,"chengalpattu",-186,2024-09-23,29.1,20.15,4.71,43577.54,38366.8,16.1,16,96,23.7,1004.3,996.5,5.59,2.38
12.6889,79.9728,69,"chengalpattu",-185,2024-09-24,28.3,20.9,4.63,43535.39,31673.31,7.2,7,99,24.2,1003.7,995.9,6.26,2.79
12.6889,79.9728,69,"chengalpattu",-184,2024-09-25,28.7,20.92,4.77,43493.36,38682.23,4,4,93,24.2,1004.1,996.3,5.33,2.44
12.6889,79.9728,69,"chengalpattu",-183,2024-09-26,28.2,10.73,2.58,43451.46,2606.68,0,0,98,24.5,1005.1,997.3,3.47,1.66
12.6889,79.9728,69,"chengalpattu",-182,2024-09-27,28.1,20.91,4.47,43409.74,38812.24,31.5,17,95,24.8,1007.6,999.8,5.11,2.23
12.6889,79.9728,69,"chengalpattu",-181,2024-09-28,27.6,20.28,4.33,43368.21,39600,13.6,12,58,24.4,1009.1,1001.2,4.42,1.66
12.6889,79.9728,69,"chengalpattu",-180,2024-09-29,27.3,21.33,4.48,43326.89,39600,4.3,8,42,24.1,1010.1,1002.2,4.81,2.06
12.6889,79.9728,69,"chengalpattu",-179,2024-09-30,27.4,21.24,4.46,43285.5,38330.5,0.8,5,23,24.2,1010,1002.1,4.37,2.02
12.6889,79.9728,69,"chengalpattu",-178,2024-10-01,28.1,21.81,4.84,43243.98,39600,0.6,6,30,23.8,1008.3,1000.5,4.98,2.46
12.6889,79.9728,69,"chengalpattu",-177,2024-10-02,29.4,23.84,5.68,43202.33,39600,0,0,64,23.6,1007.9,1000.1,7.08,3.51
12.6889,79.9728,69,"chengalpattu",-176,2024-10-03,29.6,22.42,5.26,43160.6,39600,0.2,1,93,23.7,1007.5,999.7,5.53,2.46
12.6889,79.9728,69,"chengalpattu",-175,2024-10-04,28.8,20.56,4.72,43118.82,37970.91,11.9,6,92,23.9,1007.7,999.9,5.6,2.55
12.6889,79.9728,69,"chengalpattu",-174,2024-10-05,28.5,20.96,4.68,43077,39600,0.4,3,99,24.1,1008,1000.1,5.31,2.38
12.6889,79.9728,69,"chengalpattu",-173,2024-10-06,28.4,22.1,4.84,43035.18,39600,0,0,83,23.8,1008.5,1000.6,3.95,1.62
12.6889,79.9728,69,"chengalpattu",-172,2024-10-07,27.2,17.49,3.7,42993.4,35746.32,6,10,59,23.9,1010.1,1002.2,3.98,1.7
12.6889,79.9728,69,"chengalpattu",-171,2024-10-08,27,17.44,3.67,42951.67,39191.61,4.5,10,86,23.8,1010.6,1002.7,4.07,1.65
12.6889,79.9728,69,"chengalpattu",-170,2024-10-09,27,17.4,3.72,42910.04,39384.09,3.6,12,71,23.9,1009,1001.1,3.74,1.59
12.6889,79.9728,69,"chengalpattu",-169,2024-10-10,26.5,15.47,3.27,42868.52,29280.58,9.1,15,73,23.8,1007.8,999.9,4.09,1.87
12.6889,79.9728,69,"chengalpattu",-168,2024-10-11,26.9,17.95,3.72,42827.16,38532.48,6.5,14,81,23.9,1007.8,999.9,4.8,1.96
12.6889,79.9728,69,"chengalpattu",-167,2024-10-12,26.8,19.24,4.02,42785.98,39437.97,4.1,14,58,23.6,1008.8,1000.9,5.26,2.44
12.6889,79.9728,69,"chengalpattu",-166,2024-10-13,26.7,18.26,3.83,42745.02,39522.79,4.8,9,88,23.7,1009,1001.1,4.6,1.9
12.6889,79.9728,69,"chengalpattu",-165,2024-10-14,24.9,4.67,1.1,42704.29,62.13,122.1,22,100,23.7,1007.9,1000,6.56,3.17
12.6889,79.9728,69,"chengalpattu",-164,2024-10-15,25.1,8.58,1.82,42663.84,7200,42.9,24,100,23.8,1007.7,999.8,5.48,2.52
12.6889,79.9728,69,"chengalpattu",-163,2024-10-16,25.9,13.45,2.81,42623.69,22612.75,4.3,12,100,23.5,1007,999.1,4.55,2.1
12.6889,79.9728,69,"chengalpattu",-162,2024-10-17,27.2,20.41,4.33,42583.88,39556.97,2.1,6,91,23.5,1007,999.1,3.65,1.51
12.6889,79.9728,69,"chengalpattu",-161,2024-10-18,26.2,11.93,2.5,42544.45,17689.49,27.9,14,100,24.1,1008.2,1000.3,3.67,1.45
12.6889,79.9728,69,"chengalpattu",-160,2024-10-19,26,13.89,2.86,42505.39,25310.52,15.2,19,93,23.9,1009.5,1001.5,3.74,1.42
12.6889,79.9728,69,"chengalpattu",-159,2024-10-20,26.6,16.32,3.44,42466.44,31833.59,3.7,11,73,23.9,1010.1,1002.2,4.5,2.02
12.6889,79.9728,69,"chengalpattu",-158,2024-10-21,27,17.96,3.72,42427.48,39038.28,4.8,9,73,24.1,1010.4,1002.5,3.4,1.3
12.6889,79.9728,69,"chengalpattu",-157,2024-10-22,26.7,18.09,3.78,42388.56,36341.94,2.8,5,72,23.8,1010.4,1002.5,4.55,1.93
12.6889,79.9728,69,"chengalpattu",-156,2024-10-23,27.1,21.66,4.61,42349.71,39375.09,0.2,2,56,23.1,1009.5,1001.6,4.09,1.81
12.6889,79.9728,69,"chengalpattu",-155,2024-10-24,27.5,19.22,4.3,42310.96,38782.61,0,0,97,22.8,1009.1,1001.2,4.62,2.23
12.6889,79.9728,69,"chengalpattu",-154,2024-10-25,27.6,21.35,4.6,42272.34,39318.79,0,0,99,22,1009,1001.1,4.29,1.96
12.6889,79.9728,69,"chengalpattu",-153,2024-10-26,28,22.01,4.97,42233.91,39291.61,0,0,27,21.8,1008.5,1000.6,4.65,2.3
12.6889,79.9728,69,"chengalpattu",-152,2024-10-27,27.8,21.64,4.86,42195.68,39265.14,0,0,12,20.8,1007.7,999.9,4.03,1.85
12.6889,79.9728,69,"chengalpattu",-151,2024-10-28,27.5,20.84,4.47,42157.69,39239.43,0.8,2,20,22.8,1007.4,999.6,3.9,1.68
12.6889,79.9728,69,"chengalpattu",-150,2024-10-29,28.3,20.2,4.46,42119.99,39214.54,0.5,3,30,23.8,1008.3,1000.4,4.34,1.88
12.6889,79.9728,69,"chengalpattu",-149,2024-10-30,27,16.26,3.38,42082.61,31569.95,7,10,59,24.4,1009.5,1001.6,3.33,1.17
12.6889,79.9728,69,"chengalpattu",-148,2024-10-31,26.8,16.91,3.53,42045.59,36805.63,6.2,12,53,24.2,1010.6,1002.7,3.58,1.47
12.6889,79.9728,69,"chengalpattu",-147,2024-11-01,26.2,15.35,3.13,42008.95,34971.55,6.9,9,63,23.8,1011.7,1003.8,3.66,1.44
12.6889,79.9728,69,"chengalpattu",-146,2024-11-02,25.8,14.05,2.87,41972.75,33840.35,9.3,13,53,23.7,1012.2,1004.3,3.68,1.37
12.6889,79.9728,69,"chengalpattu",-145,2024-11-03,26,18.76,3.81,41937.03,39104.08,2.2,11,45,23.2,1011.9,1003.9,4.85,2.24
12.6889,79.9728,69,"chengalpattu",-144,2024-11-04,26.3,20.19,4.2,41901.81,39085.15,0.6,4,45,22.8,1011.2,1003.2,4.45,1.94
12.6889,79.9728,69,"chengalpattu",-143,2024-11-05,26.6,20.01,4.5,41867.16,39067.39,0.2,2,27,21.4,1011.2,1003.3,5.68,2.89
12.6889,79.9728,69,"chengalpattu",-142,2024-11-06,25.5,15.53,3.33,41833.09,31836.8,15.2,10,75,22.3,1011.3,1003.3,6.86,3.37
12.6889,79.9728,69,"chengalpattu",-141,2024-11-07,26.3,16.44,3.53,41799.66,37314.69,1.2,6,87,23.4,1011,1003.1,7.05,3.37
12.6889,79.9728,69,"chengalpattu",-140,2024-11-08,26.9,20.13,4.42,41766.89,39021.7,0.6,4,84,22.9,1010.9,1003,6.77,3.46
12.6889,79.9728,69,"chengalpattu",-139,2024-11-09,26.7,19.24,4.34,41734.48,39008.84,1.5,5,92,22.2,1011.2,1003.3,7.31,3.76
12.6889,79.9728,69,"chengalpattu",-138,2024-11-10,26.6,20.1,4.56,41702.34,38997.04,0.5,5,38,21.6,1011,1003.1,6.87,3.51
12.6889,79.9728,69,"chengalpattu",-137,2024-11-11,26.8,18.8,4.65,41670.5,37417.41,2.7,2,83,21.6,1009.8,1001.9,8.42,4.42
12.6889,79.9728,69,"chengalpattu",-136,2024-11-12,25.4,6.11,1.54,41639.01,0,11.1,19,100,23.5,1009.3,1001.3,6.52,3.27
12.6889,79.9728,69,"chengalpattu",-135,2024-11-13,24.4,5.16,1.05,41607.89,0,34.9,19,100,23.8,1009.3,1001.3,5.78,2.99
12.6889,79.9728,69,"chengalpattu",-134,2024-11-14,25.5,13.53,2.74,41577.2,28541.31,8.5,19,91,23.7,1010.5,1002.6,6.13,2.96
12.6889,79.9728,69,"chengalpattu",-133,2024-11-15,25.3,10.43,2.2,41546.94,12143.72,9.8,12,93,23.5,1011.2,1003.3,6.42,3.12
12.6889,79.9728,69,"chengalpattu",-132,2024-11-16,25.1,13.42,2.55,41517.18,36108.42,14,17,81,23.6,1010.9,1002.9,5.84,2.54
12.6889,79.9728,69,"chengalpattu",-131,2024-11-17,26.4,19.66,4.28,41487.95,38874.12,0.4,4,34,22.7,1010.5,1002.6,6.53,3.35
12.6889,79.9728,69,"chengalpattu",-130,2024-11-18,26.2,20.24,4.45,41459.29,38841.6,0.3,2,34,21.9,1011.2,1003.3,7.55,4
12.6889,79.9728,69,"chengalpattu",-129,2024-11-19,25.9,18.75,4.21,41431.22,38809.72,1.3,6,51,21.5,1011.9,1004,8.04,4.28
12.6889,79.9728,69,"chengalpattu",-128,2024-11-20,26,18.85,4.43,41403.8,38778.52,0,0,42,20.5,1011.7,1003.8,6.93,3.64
12.6889,79.9728,69,"chengalpattu",-127,2024-11-21,26,16.57,4.17,41377.08,38748.06,0,0,77,20.2,1011.5,1003.6,7.24,3.81
12.6889,79.9728,69,"chengalpattu",-126,2024-11-22,25.7,19.38,4.58,41351.07,38718.38,0,0,34,20,1011.3,1003.4,7.03,3.67
12.6889,79.9728,69,"chengalpattu",-125,2024-11-23,25.9,14.72,3.43,41325.83,36888.06,1.6,6,88,21.9,1011.9,1004,7.14,3.75
12.6889,79.9728,69,"chengalpattu",-124,2024-11-24,26.4,16.21,3.95,41301.4,35342.02,0.3,3,95,21.6,1011.8,1003.9,7.25,3.81
12.6889,79.9728,69,"chengalpattu",-123,2024-11-25,26.2,16.76,4.26,41277.82,32825.5,0.1,1,100,21.2,1010.7,1002.8,8.85,4.76
12.6889,79.9728,69,"chengalpattu",-122,2024-11-26,23.9,5.62,1.24,41255.12,0,16.7,20,100,22.8,1009.4,1001.4,9.19,4.9
12.6889,79.9728,69,"chengalpattu",-121,2024-11-27,25.2,7.59,2.77,41233.36,39.41,5,11,100,21.3,1008.2,1000.3,10.9,5.93
12.6889,79.9728,69,"chengalpattu",-120,2024-11-28,25.1,7.86,3.16,41212.57,4477.25,11.4,7,100,20.3,1007.2,999.3,12.57,6.82
12.6889,79.9728,69,"chengalpattu",-119,2024-11-29,24.1,8.87,2.39,41192.51,5251.16,11.8,15,100,21.3,1006.5,998.5,11.65,6.43
12.6889,79.9728,69,"chengalpattu",-118,2024-11-30,23.5,0.81,0.6,41173.12,0,189.6,24,100,22.6,1001.3,993.4,17.34,9.25
12.6889,79.9728,69,"chengalpattu",-117,2024-12-01,25.3,7.55,1.81,41154.43,6595.29,18,23,100,23.7,1000.7,992.8,12.43,6.58
12.6889,79.9728,69,"chengalpattu",-116,2024-12-02,26.1,16.1,3.34,41136.44,37233.72,9.7,18,94,23.7,1005.4,997.5,7.32,3.9
12.6889,79.9728,69,"chengalpattu",-115,2024-12-03,26.5,17.77,3.63,41119.2,38453.04,1.8,10,74,24,1009.1,1001.2,5.18,2.46
12.6889,79.9728,69,"chengalpattu",-114,2024-12-04,26.6,16.81,3.52,41102.71,37111.32,7.6,10,56,23.8,1010.5,1002.5,4.13,1.78
12.6889,79.9728,69,"chengalpattu",-113,2024-12-05,25.7,14.65,3.06,41087.01,33574.34,1.5,5,42,23.4,1011.2,1003.3,4.4,1.96
12.6889,79.9728,69,"chengalpattu",-112,2024-12-06,25.9,15.35,3.13,41072.12,33810.03,2.2,10,70,23.8,1011.3,1003.3,4.2,1.99
12.6889,79.9728,69,"chengalpattu",-111,2024-12-07,26.3,18.7,3.87,41058.05,38296.34,0.7,5,57,23,1010.9,1003,4.6,2.23
12.6889,79.9728,69,"chengalpattu",-110,2024-12-08,25.9,18.98,3.97,41044.85,38020.44,0.3,2,35,22.1,1011,1003.1,3.93,1.81
12.6889,79.9728,69,"chengalpattu",-109,2024-12-09,26,17.7,3.73,41032.52,38353.06,0.5,3,83,22.8,1010.7,1002.8,4.79,2.31
12.6889,79.9728,69,"chengalpattu",-108,2024-12-10,26.3,17.01,3.84,41021.08,38339.78,0.2,1,95,22.4,1010.4,1002.5,7.03,3.72
12.6889,79.9728,69,"chengalpattu",-107,2024-12-11,24.4,4.86,1.18,41010.57,535.71,15.4,17,100,23.1,1010.4,1002.5,8.33,4.45
12.6889,79.9728,69,"chengalpattu",-106,2024-12-12,23.9,5.2,1.05,41001,0,39.7,22,100,23.2,1010.3,1002.3,7.29,3.7
12.6889,79.9728,69,"chengalpattu",-105,2024-12-13,25.3,13.82,3.08,40992.4,35253.89,2.7,12,96,22,1011.1,1003.1,7.8,4.19
12.6889,79.9728,69,"chengalpattu",-104,2024-12-14,25.1,16.01,3.82,40984.79,37888.75,0,0,52,20.1,1012.7,1004.7,7.36,3.93
12.6889,79.9728,69,"chengalpattu",-103,2024-12-15,24.3,18.09,4.11,40978.19,37448.84,0,0,82,19.2,1013.4,1005.4,7.57,4.02
12.6889,79.9728,69,"chengalpattu",-102,2024-12-16,24.1,18.56,4.25,40972.62,36215.01,0,0,86,18.9,1012.2,1004.2,8.12,4.38
12.6889,79.9728,69,"chengalpattu",-101,2024-12-17,24.1,9.13,2.91,40968.12,4193.68,11.1,7,100,19.4,1010.3,1002.3,9.36,5.14
12.6889,79.9728,69,"chengalpattu",-100,2024-12-18,23.9,9.72,2.07,40964.68,16400.08,17.2,18,100,22,1009.2,1001.3,9.67,5.27
12.6889,79.9728,69,"chengalpattu",-99,2024-12-19,25.3,10.65,2.36,40962.27,13557.6,3.3,12,97,23.1,1008.6,1000.7,8.37,4.51
12.6889,79.9728,69,"chengalpattu",-98,2024-12-20,26.4,16.1,3.45,40960.87,35776.44,0.5,4,83,23.1,1008.4,1000.5,6.64,3.36
12.6889,79.9728,69,"chengalpattu",-97,2024-12-21,26,16.67,3.47,40960.48,37595.64,2.9,7,63,23.2,1009.4,1001.5,5.28,2.62
12.6889,79.9728,69,"chengalpattu",-96,2024-12-22,25.6,17.35,3.71,40961.07,38270.3,0.5,3,73,22.3,1010.6,1002.6,7.02,3.69
12.6889,79.9728,69,"chengalpattu",-95,2024-12-23,25.6,19.3,4.3,40962.66,36039.97,0,0,50,21.4,1010.5,1002.6,7.57,3.99
12.6889,79.9728,69,"chengalpattu",-94,2024-12-24,24.9,9,2.25,40965.21,20096.02,4.2,4,59,21.8,1010.1,1002.2,7.61,3.96
12.6889,79.9728,69,"chengalpattu",-93,2024-12-25,24.9,13.33,2.93,40968.72,31271.02,4.7,7,52,22,1011.1,1003.1,8.46,4.52
12.6889,79.9728,69,"chengalpattu",-92,2024-12-26,25.4,13.28,2.72,40973.2,26335.6,8.6,17,70,23.4,1012.8,1004.9,8.47,4.27
12.6889,79.9728,69,"chengalpattu",-91,2024-12-27,25.3,14.97,3.26,40978.61,34448.77,9.5,13,72,22.2,1015,1007,6.96,3.44
12.6889,79.9728,69,"chengalpattu",-90,2024-12-28,25.6,18.1,3.82,40984.96,38129.71,0.2,1,21,21.8,1014.5,1006.5,5.97,3.11
12.6889,79.9728,69,"chengalpattu",-89,2024-12-29,25.4,15.94,3.56,40992.24,34699.51,0.4,4,88,21.8,1014.3,1006.3,7.64,4.07
12.6889,79.9728,69,"chengalpattu",-88,2024-12-30,25.3,16.74,3.47,41000.43,36573.76,2,11,86,22.4,1014.2,1006.2,8.3,4.41
12.6889,79.9728,69,"chengalpattu",-87,2024-12-31,25.4,18.23,3.85,41009.52,37597.15,0.2,2,34,21.9,1014.4,1006.4,7.74,4.12
12.6889,79.9728,69,"chengalpattu",-86,2025-01-01,24.9,18.78,3.94,41019.5,36069.94,0,0,39,21.3,1013.5,1005.6,7.16,3.79
12.6889,79.9728,69,"chengalpattu",-85,2025-01-02,24.5,18.82,4.07,41030.37,37714.66,0,0,70,19.8,1013.5,1005.5,6.11,3.15
12.6889,79.9728,69,"chengalpattu",-84,2025-01-03,24.3,17.74,4.02,41042.1,36000,0,0,74,18.9,1013.7,1005.7,6.64,3.49
12.6889,79.9728,69,"chengalpattu",-83,2025-01-04,23.6,17.97,3.83,41054.69,37205.46,0,0,24,18.7,1013,1005,5.47,2.73
12.6889,79.9728,69,"chengalpattu",-82,2025-01-05,24.1,17.27,3.76,41068.13,37079,0,0,70,18.8,1013.1,1005.2,5.12,2.54
12.6889,79.9728,69,"chengalpattu",-81,2025-01-06,24,16.77,3.66,41082.39,36706.73,0.1,1,22,18.8,1012.6,1004.6,4.97,2.49
12.6889,79.9728,69,"chengalpattu",-80,2025-01-07,24.1,15.59,3.27,41097.48,36829.61,1.5,8,37,20.5,1012.6,1004.6,6.47,3.36
12.6889,79.9728,69,"chengalpattu",-79,2025-01-08,23.6,19.84,4.23,41113.57,38014.23,0,0,9,18.2,1012.6,1004.6,5.87,2.95
12.6889,79.9728,69,"chengalpattu",-78,2025-01-09,24.1,17.74,4.19,41130.7,36828.04,0.1,1,32,17.7,1013.4,1005.4,6.56,3.39
12.6889,79.9728,69,"chengalpattu",-77,2025-01-10,24.3,14.49,3.27,41148.82,36130.39,1.4,4,48,20,1014.6,1006.6,7.25,3.76
12.6889,79.9728,69,"chengalpattu",-76,2025-01-11,25,15.3,3.78,41167.89,36385.46,0,0,82,19.7,1014.5,1006.5,7.46,3.94
12.6889,79.9728,69,"chengalpattu",-75,2025-01-12,24.1,6.45,1.96,41187.88,6641.4,0.9,7,88,20.6,1014,1006,7.12,3.84
12.6889,79.9728,69,"chengalpattu",-74,2025-01-13,24.6,13.13,2.64,41208.75,34392.6,6.6,8,71,22.2,1012.5,1004.6,6.72,3.44
12.6889,79.9728,69,"chengalpattu",-73,2025-01-14,25.3,18.3,4.08,41230.46,36703.14,0.1,1,79,21,1013.7,1005.7,7.35,3.86
12.6889,79.9728,69,"chengalpattu",-72,2025-01-15,25.5,18.03,4.28,41252.99,37060.08,0,0,44,20.3,1014.5,1006.5,8.03,4.21
12.6889,79.9728,69,"chengalpattu",-71,2025-01-16,25,16.15,3.92,41276.29,36463.53,0,0,50,19.5,1014.4,1006.4,7.16,3.76
12.6889,79.9728,69,"chengalpattu",-70,2025-01-17,24.5,17.18,3.98,41300.33,37293.49,0.1,1,39,19.3,1013.3,1005.3,7.72,4.05
12.6889,79.9728,69,"chengalpattu",-69,2025-01-18,24.4,10.09,2.93,41325.07,17409.77,1.9,3,81,19.7,1012.4,1004.4,8.01,4.32
12.6889,79.9728,69,"chengalpattu",-68,2025-01-19,24.9,14.12,3,41350.48,32348.72,4.5,15,86,22.1,1012.4,1004.4,8.07,4.22
12.6889,79.9728,69,"chengalpattu",-67,2025-01-20,24.6,20.29,4.31,41376.51,37286.65,0,0,84,20.2,1012,1004,7.12,3.74
12.6889,79.9728,69,"chengalpattu",-66,2025-01-21,24.1,19.47,4.18,41403.15,36408.6,0,0,59,19.3,1011.5,1003.5,6.18,3.19
12.6889,79.9728,69,"chengalpattu",-65,2025-01-22,24.5,16.83,3.74,41430.34,37047.55,0,0,15,19.9,1011.5,1003.6,6.35,3.25
12.6889,79.9728,69,"chengalpattu",-64,2025-01-23,24.4,18.85,4.04,41458.06,32534.76,0,0,82,19.7,1011.7,1003.7,5.1,2.49
12.6889,79.9728,69,"chengalpattu",-63,2025-01-24,23.9,20.07,4.27,41486.28,37412.12,0,0,30,18.6,1011.7,1003.7,5.2,2.57
12.6889,79.9728,69,"chengalpattu",-62,2025-01-25,24.1,20.62,4.37,41514.95,36548.28,0,0,46,19.1,1012.1,1004.1,5.84,2.94
12.6889,79.9728,69,"chengalpattu",-61,2025-01-26,23.4,20.89,4.23,41544.05,34990.19,0.1,1,73,19.5,1012.1,1004.1,5.37,2.6
12.6889,79.9728,69,"chengalpattu",-60,2025-01-27,24,20.73,4.27,41573.56,36308.24,0,0,60,19.9,1011.5,1003.5,5.26,2.53
12.6889,79.9728,69,"chengalpattu",-59,2025-01-28,24.2,18.96,4.19,41603.77,35226.75,0.1,1,95,19,1011.8,1003.8,4.82,2.3
12.6889,79.9728,69,"chengalpattu",-58,2025-01-29,24.4,21.34,4.66,41634.75,37915.88,0,0,59,19.2,1012.9,1004.9,6.09,3.08
12.6889,79.9728,69,"chengalpattu",-57,2025-01-30,25.5,18.33,4.09,41666.47,36704.44,0,0,43,20.9,1011.6,1003.6,6.1,3.11
12.6889,79.9728,69,"chengalpattu",-56,2025-01-31,25.8,18.48,3.85,41698.88,36527.77,1.1,7,36,22.9,1011,1003.1,5.54,2.67
12.6889,79.9728,69,"chengalpattu",-55,2025-02-01,26,19.35,4.09,41731.93,35448.05,0.4,3,54,22.5,1011.6,1003.7,4.65,2.01
12.6889,79.9728,69,"chengalpattu",-54,2025-02-02,25.7,21.14,4.52,41765.58,35520.8,0,0,41,21.1,1011.9,1004,4.2,1.76
12.6889,79.9728,69,"chengalpattu",-53,2025-02-03,24.5,21.5,4.52,41799.79,36557.07,0,0,29,20.1,1012.3,1004.3,4.35,1.92
12.6889,79.9728,69,"chengalpattu",-52,2025-02-04,24.6,21.5,4.65,41834.52,33050.7,0,0,60,19.4,1012.5,1004.5,4.1,1.78
12.6889,79.9728,69,"chengalpattu",-51,2025-02-05,25.5,21.92,4.7,41869.72,36746.12,0,0,39,20.5,1011.8,1003.8,4.18,1.73
12.6889,79.9728,69,"chengalpattu",-50,2025-02-06,24.8,22.31,4.68,41905.36,37657.46,0,0,25,20.4,1011.6,1003.7,4.25,1.9
12.6889,79.9728,69,"chengalpattu",-49,2025-02-07,25,22.36,4.75,41941.4,36751.96,0,0,68,20.3,1013,1005.1,4.43,2.02
12.6889,79.9728,69,"chengalpattu",-48,2025-02-08,25.3,21.94,4.77,41977.8,36754.39,0,0,55,20.4,1012.8,1004.9,4.44,2
12.6889,79.9728,69,"chengalpattu",-47,2025-02-09,25.5,21.06,4.62,42014.51,35570.89,0,0,44,20.8,1012.4,1004.5,5.3,2.53
12.6889,79.9728,69,"chengalpattu",-46,2025-02-10,25.3,22.08,4.92,42051.5,38048.29,0.2,2,58,19.6,1013.4,1005.4,5.3,2.54
12.6889,79.9728,69,"chengalpattu",-45,2025-02-11,25.1,22.75,4.78,42088.74,38245.73,0,0,84,19.7,1013.7,1005.7,4.12,1.69
12.6889,79.9728,69,"chengalpattu",-44,2025-02-12,24.9,22.38,4.79,42126.18,33359.81,0,0,80,19.7,1013.3,1005.3,4.14,1.68
12.6889,79.9728,69,"chengalpattu",-43,2025-02-13,24.4,23.3,4.98,42163.79,37062.38,0,0,73,19.1,1013,1005,4.15,1.72
12.6889,79.9728,69,"chengalpattu",-42,2025-02-14,24.4,22.41,4.82,42201.52,34269.3,0,0,59,19.5,1012.5,1004.5,4.36,1.91
12.6889,79.9728,69,"chengalpattu",-41,2025-02-15,25.3,22.42,4.91,42239.36,37068.2,0,0,51,20.4,1011.6,1003.7,4.7,2.08
12.6889,79.9728,69,"chengalpattu",-40,2025-02-16,25.9,23.17,5.24,42277.27,38330.83,0,0,14,19.9,1012.3,1004.4,5.27,2.37
12.6889,79.9728,69,"chengalpattu",-39,2025-02-17,26,21.8,4.85,42315.57,39424.2,0.1,1,18,20.6,1013.6,1005.7,4.9,2.12
12.6889,79.9728,69,"chengalpattu",-38,2025-02-18,25.7,23,5.05,42354.36,39452.12,0,0,21,20.2,1013.6,1005.6,4.7,2.02
12.6889,79.9728,69,"chengalpattu",-37,2025-02-19,25.6,23.11,5.08,42393.58,39480.87,0,0,10,20.5,1011.8,1003.8,4.9,2.2
12.6889,79.9728,69,"chengalpattu",-36,2025-02-20,25.9,23.22,5.18,42433.23,39510.43,0,0,11,20.2,1012.5,1004.6,4.77,2.07
12.6889,79.9728,69,"chengalpattu",-35,2025-02-21,26.7,23.24,5.31,42473.24,38052.38,0,0,9,20.2,1013.8,1005.9,4.58,1.92
12.6889,79.9728,69,"chengalpattu",-34,2025-02-22,26.7,21.64,4.94,42513.59,36382.66,0.2,1,22,20.9,1014.1,1006.2,4.63,1.95
12.6889,79.9728,69,"chengalpattu",-33,2025-02-23,27,22.18,5.22,42554.23,37187,0,0,24,20.5,1014.2,1006.3,4.7,1.92
12.6889,79.9728,69,"chengalpattu",-32,2025-02-24,26.8,22.82,5.45,42595.15,37188.25,0,0,23,20.7,1014.3,1006.4,6.25,2.93
12.6889,79.9728,69,"chengalpattu",-31,2025-02-25,27.5,23.71,6.14,42636.3,39455.81,0,0,19,19.4,1015.2,1007.3,7.63,3.82
12.6889,79.9728,69,"chengalpattu",-30,2025-02-26,27.8,23.9,6.2,42677.64,39595.01,0,0,18,20,1014.9,1007,8.45,4.3
12.6889,79.9728,69,"chengalpattu",-29,2025-02-27,27.4,23.71,5.92,42719.15,39735.37,0,0,80,20.2,1013.5,1005.5,7.41,3.71
12.6889,79.9728,69,"chengalpattu",-28,2025-02-28,27.6,20.73,5.18,42760.79,39340.36,0,0,78,21.6,1012.5,1004.6,7.78,3.9
12.6889,79.9728,69,"chengalpattu",-27,2025-03-01,27.6,20.78,4.91,42802.52,38951.41,1.7,7,61,22.4,1011.8,1003.9,6.87,3.26
12.6889,79.9728,69,"chengalpattu",-26,2025-03-02,28.2,22.04,5.23,42844.32,39515.07,0.1,1,73,22.3,1010.4,1002.5,5.6,2.62
12.6889,79.9728,69,"chengalpattu",-25,2025-03-03,28.2,21.68,5.1,42886.14,35161.45,0,0,74,22.2,1010.4,1002.6,4.83,1.86
12.6889,79.9728,69,"chengalpattu",-24,2025-03-04,28.1,24.15,5.68,42927.97,40227.53,0,0,70,21.6,1010.4,1002.5,5.17,2.2
12.6889,79.9728,69,"chengalpattu",-23,2025-03-05,28.1,23.21,5.59,42969.77,38870.01,0,0,77,20.9,1010.1,1002.3,5.4,2.46
12.6889,79.9728,69,"chengalpattu",-22,2025-03-06,28.2,24.35,5.89,43011.49,40306.32,0,0,34,20.5,1010.7,1002.9,5.33,2.33
12.6889,79.9728,69,"chengalpattu",-21,2025-03-07,26.9,25.29,5.77,43053.11,40342.45,0,0,44,19.8,1010,1002.1,5.08,2.18
12.6889,79.9728,69,"chengalpattu",-20,2025-03-08,27,24.58,5.81,43094.62,37617.45,0,0,16,20,1009.2,1001.3,5.26,2.39
12.6889,79.9728,69,"chengalpattu",-19,2025-03-09,26.6,23.89,5.42,43136.31,33925.16,0,0,29,20.8,1010.4,1002.4,5.31,2.3
12.6889,79.9728,69,"chengalpattu",-18,2025-03-10,27.6,23.82,6.02,43178.27,37637.19,0,0,54,19.8,1012.3,1004.4,7.1,3.47
12.6889,79.9728,69,"chengalpattu",-17,2025-03-11,26.3,15.84,3.68,43220.47,31444.48,15.4,11,90,22.6,1012.5,1004.6,7.77,3.74
12.6889,79.9728,69,"chengalpattu",-16,2025-03-12,26.6,20.06,4.4,43262.88,36205.61,3.4,6,80,23.2,1011.2,1003.3,5.62,2.35
12.6889,79.9728,69,"chengalpattu",-15,2025-03-13,27.8,23.2,5.31,43305.47,38982.81,0,0,55,22.7,1010.1,1002.2,4.66,1.91
12.6889,79.9728,69,"chengalpattu",-14,2025-03-14,27.8,23.68,5.47,43348.21,37638.96,0,0,31,22.7,1010.4,1002.6,5.34,2.41
12.6889,79.9728,69,"chengalpattu",-13,2025-03-15,27.9,25.1,5.86,43391.08,40645.02,0,0,30,21.7,1011.2,1003.3,5.75,2.66
12.6889,79.9728,69,"chengalpattu",-12,2025-03-16,28.3,22.86,5.33,43434.03,37418.8,0.5,4,22,23,1011.3,1003.5,5.21,2.22
12.6889,79.9728,69,"chengalpattu",-11,2025-03-17,29,22.73,5.47,43477.06,38377.02,0,0,51,23.4,1010.7,1002.8,5.65,2.61
12.6889,79.9728,69,"chengalpattu",-10,2025-03-18,28.8,22.78,5.47,43520.13,38848.62,0.2,2,32,23.5,1010.7,1002.9,6.03,2.78
12.6889,79.9728,69,"chengalpattu",-9,2025-03-19,28.9,23.23,5.64,43563.2,39863.61,0.3,3,54,23.2,1012.6,1004.7,6.35,3.04
12.6889,79.9728,69,"chengalpattu",-8,2025-03-20,29.2,25.24,6.21,43606.25,40734.72,0,0,10,22.1,1013.8,1005.9,5.98,2.77
12.6889,79.9728,69,"chengalpattu",-7,2025-03-21,29.4,25.14,6.2,43649.25,40663.85,0.1,1,6,22.3,1013.6,1005.8,6.52,3.1
12.6889,79.9728,69,"chengalpattu",-6,2025-03-22,29,21.79,5.3,43692.18,40147.62,1.4,6,29,23.5,1012.8,1004.9,6.14,2.91
12.6889,79.9728,69,"chengalpattu",-5,2025-03-23,29.4,22.31,5.68,43735,40409.87,0.1,1,24,22.5,1012.7,1004.9,6.17,2.91
12.6889,79.9728,69,"chengalpattu",-4,2025-03-24,28.7,21.78,5.12,43777.68,40783.75,0.8,7,37,23.4,1012.2,1004.4,5.13,2.21
12.6889,79.9728,69,"chengalpattu",-3,2025-03-25,28.6,23.46,5.65,43820.2,41046.41,0.1,1,22,22,1009.7,1001.9,5.03,2.14
12.6889,79.9728,69,"chengalpattu",-2,2025-03-26,28.5,23.43,5.69,43862.52,38955.18,0.1,1,34,21.9,1008.5,1000.6,5.25,2.29
12.6889,79.9728,69,"chengalpattu",-1,2025-03-27,29.6,24.84,6.35,43904.61,38346.67,0,0,46,20.8,1007.7,999.9,5.85,2.64
12.6889,79.9728,69,"chengalpattu",0,2025-03-28,29.6,24.22,6.27,43946.47,39681.88,0,0,84,21.4,1007.2,999.4,6.58,3.14
12.6889,79.9728,69,"chengalpattu",1,2025-03-29,29.6,26.32,6.79,43988.36,41250,0,0,20,19.7,1007.3,999.5,6.09,2.96
12.6889,79.9728,69,"chengalpattu",2,2025-03-30,28.6,25.51,6.24,44030.36,39388.5,0,0,10,21.5,1008.9,1001.1,6.17,2.94
12.6889,79.9728,69,"chengalpattu",3,2025-03-31,28.2,24.34,5.92,44072.46,41027.63,0,0,19,21.3,1009.2,1001.4,5.85,2.69
12.6889,79.9728,69,"chengalpattu",4,2025-04-01,28.6,24.25,6.12,44114.62,40803.75,0.1,1,16,20.1,1008.7,1000.9,5.68,2.57
12.6889,79.9728,69,"chengalpattu",5,2025-04-02,29.6,23.84,6.08,44156.82,40241.99,0.5,5,32,22.1,1009.2,1001.4,6.46,3.04
12.6889,79.9728,69,"chengalpattu",6,2025-04-03,28.3,18.1,4.34,44199.02,29686.66,3.3,4,100,23.4,1011.2,1003.3,5.85,2.6
12.6889,79.9728,69,"chengalpattu",7,2025-04-04,28.7,19.08,4.57,44241.21,40355.18,1.8,4,80,23.6,1011,1003.2,5.49,2.38
12.6889,79.9728,69,"chengalpattu",8,2025-04-05,28.7,20.46,4.75,44283.34,35823.01,5.7,6,53,23.3,1009.9,1002,4.5,1.78
12.6889,79.9728,69,"chengalpattu",9,2025-04-06,29.9,22.58,5.48,44325.41,40468.95,0.3,1,52,22.9,1008.5,1000.7,4.75,1.89
12.6889,79.9728,69,"chengalpattu",10,2025-04-07,30,23.19,5.7,44367.36,40921.74,0.2,2,63,23.4,1008.9,1001.1,5.44,2.27
12.6889,79.9728,69,"chengalpattu",11,2025-04-08,30.1,23.44,6.07,44409.19,40922.86,0.1,1,72,22.7,1009.7,1001.9,6.01,2.72
12.6889,79.9728,69,"chengalpattu",12,2025-04-09,30.1,22.83,5.99,44450.86,40697.43,0,0,30,22.5,1008.7,1000.9,6.71,3.1
12.6889,79.9728,69,"chengalpattu",13,2025-04-10,31.1,21.83,5.88,44492.32,39468.14,0.2,2,79,22,1006.1,998.3,5.88,2.7
12.6889,79.9728,69,"chengalpattu",14,2025-04-11,31.7,24.21,6.49,44533.57,40585.83,0,0,56,22.1,1005.6,997.8,6.13,2.84
12.6889,79.9728,69,"chengalpattu",15,2025-04-12,31.4,20.96,5.69,44574.57,37936.66,0,0,36,22,1006.5,998.7,5.76,2.74
12.6889,79.9728,69,"chengalpattu",16,2025-04-13,31,22.95,5.62,44615.29,39832.89,0,0,23,23.7,1007.7,999.9,4.88,2.07
12.6889,79.9728,69,"chengalpattu",17,2025-04-14,29.7,23.19,5.44,44655.69,40246.44,2.3,2,38,24.4,1008.3,1000.5,4.8,1.98
12.6889,79.9728,69,"chengalpattu",18,2025-04-15,29.9,22.69,5.51,44695.74,38872.55,1.1,1,24,24,1008.5,1000.7,6.01,2.74
12.6889,79.9728,69,"chengalpattu",19,2025-04-16,29.8,21.81,5.37,44735.42,40705.35,0.9,2,20,23.6,1008.9,1001.1,5.7,2.68
12.6889,79.9728,69,"chengalpattu",20,2025-04-17,29.9,22.53,5.45,44774.7,40591.97,1.1,3,28,23.9,1007.9,1000.1,5.76,2.71
12.6889,79.9728,69,"chengalpattu",21,2025-04-18,30.4,23.15,5.75,44813.84,40708.09,0.6,2,35,24.4,1007.2,999.4,6.63,3.26
12.6889,79.9728,69,"chengalpattu",22,2025-04-19,31.2,23.58,5.94,44852.93,40248.77,0.3,1,38,24.3,1006.6,998.8,6.72,3.25
12.6889,79.9728,69,"chengalpattu",23,2025-04-20,31.2,24.15,6.07,44891.93,40941.84,0,0,18,24.5,1006.9,999.2,6.81,3.29
12.6889,79.9728,69,"chengalpattu",24,2025-04-21,30.6,24.3,5.97,44930.82,40943.86,0.1,1,18,24.6,1008.7,1001,6.16,2.94
12.6889,79.9728,69,"chengalpattu",25,2025-04-22,30,24.08,5.93,44969.58,40714.04,0.1,1,31,23.9,1009.9,1002.1,5.95,2.86
12.6889,79.9728,69,"chengalpattu",26,2025-04-23,30.5,23.9,6.04,45008.16,40831.85,0,0,10,23.7,1008.3,1000.5,6.56,3.19
12.6889,79.9728,69,"chengalpattu",27,2025-04-24,30.8,24.25,6.11,45046.54,40950.23,0,0,22,24.3,1007.1,999.3,6.7,3.23
12.6889,79.9728,69,"chengalpattu",28,2025-04-25,30.5,23.86,5.91,45084.69,40952.47,0.4,3,10,24.9,1007.5,999.7,6.65,3.25
12.6889,79.9728,69,"chengalpattu",29,2025-04-26,30.5,22.94,5.84,45122.57,40837.67,0.3,3,38,24.3,1007.6,999.9,7.16,3.51
12.6889,79.9728,69,"chengalpattu",30,2025-04-27,29.8,20.54,5.07,45160.17,40604.98,2,5,67,24.2,1008.7,1000.9,5.75,2.63
12.6889,79.9728,69,"chengalpattu",31,2025-04-28,29.6,21.83,5.35,45197.43,40488.74,0.8,8,60,23.9,1007.7,999.9,5.68,2.7
12.6889,79.9728,69,"chengalpattu",32,2025-04-29,29.9,22.96,5.62,45234.33,40725.87,1.2,2,21,23.9,1006.9,999.1,5.91,2.8
12.6889,79.9728,69,"chengalpattu",33,2025-04-30,31,24.43,6.23,45270.84,40136.04,0.1,1,51,23.9,1007.2,999.4,6.32,2.97
12.6889,79.9728,69,"chengalpattu",34,2025-05-01,31,23.44,6.04,45306.92,38965.39,0.1,1,91,24,1007.8,1000,6.87,3.3
12.6889,79.9728,69,"chengalpattu",35,2025-05-02,30.9,22.54,5.67,45342.54,40140.01,0.7,2,67,25.1,1008.1,1000.3,6.47,3.21
12.6889,79.9728,69,"chengalpattu",36,2025-05-03,31.4,23.91,6.31,45377.66,40375.05,0.5,1,32,24,1006.9,999.2,7.04,3.52
12.6889,79.9728,69,"chengalpattu",37,2025-05-04,31.5,23.48,6.05,45412.25,40256.05,0.2,1,19,24,1006.5,998.7,6.48,3
12.6889,79.9728,69,"chengalpattu",38,2025-05-05,30.2,23.76,5.9,45446.27,38147.02,0,0,75,23.7,1006.3,998.6,6.49,3.18
12.6889,79.9728,69,"chengalpattu",39,2025-05-06,30.8,23.76,5.72,45479.68,40497.74,0.6,1,71,25,1006.9,999.2,6.03,2.83
12.6889,79.9728,69,"chengalpattu",40,2025-05-07,30.9,23.93,5.84,45512.46,40383.48,0.7,2,48,23.7,1006.3,998.5,5.65,2.58
12.6889,79.9728,69,"chengalpattu",41,2025-05-08,30.1,23.25,5.59,45544.86,38599.88,10.9,4,50,23.3,1006.6,998.8,5.39,2.15
12.6889,79.9728,69,"chengalpattu",42,2025-05-09,30.3,23.72,5.8,45576.93,37870.38,0,0,19,22.8,1007.2,999.5,4.88,2.12
12.6889,79.9728,69,"chengalpattu",43,2025-05-10,30.2,23.72,5.8,45608.66,40379.64,0.1,1,39,23.8,1007.6,999.8,6.64,3.07
12.6889,79.9728,69,"chengalpattu",44,2025-05-11,31.4,23.11,5.79,45640,40257.51,0.1,1,18,24.3,1006,998.2,5.71,2.64
12.6889,79.9728,69,"chengalpattu",45,2025-05-12,32.1,23.47,6.44,45670.95,40134.41,0,0,25,23.2,1004.4,996.7,6.28,3.1
12.6889,79.9728,69,"chengalpattu",46,2025-05-13,31.9,23.79,6.48,45701.46,40133.92,0,0,73,22.8,1004.2,996.5,6.11,2.97
12.6889,79.9728,69,"chengalpattu",47,2025-05-14,31.3,22.91,5.61,45731.5,40629.59,0.3,1,84,25.3,1005.1,997.4,4.89,2.09
12.6889,79.9728,69,"chengalpattu",48,2025-05-15,31.1,23.71,5.8,45761.05,40506.36,0,0,60,24.2,1005.7,997.9,4.73,2.01
12.6889,79.9728,69,"chengalpattu",49,2025-05-16,30.4,21.88,5.17,45790.07,39757,31.2,6,76,25.3,1005.7,997.9,5.22,2.09
12.6889,79.9728,69,"chengalpattu",50,2025-05-17,28.9,13.59,3.77,45818.54,16457.22,3.9,3,100,23.3,1005.6,997.7,6.12,2.93
12.6889,79.9728,69,"chengalpattu",51,2025-05-18,28.9,18.74,4.53,45846.42,32524.53,31,8,100,23.5,1004.5,996.7,5.65,2.44
12.6889,79.9728,69,"chengalpattu",52,2025-05-19,27.7,15.45,3.38,45873.68,24309.98,12.2,13,99,24.4,1003.5,995.7,4.7,1.99
12.6889,79.9728,69,"chengalpattu",53,2025-05-20,28,13.77,3.08,45900.28,16701.8,7.6,16,100,25.3,1003.2,995.4,4.25,1.78
12.6889,79.9728,69,"chengalpattu",54,2025-05-21,29.6,18.39,4.61,45926.2,32257.5,0.5,2,99,23.8,1004.2,996.4,5.15,2.43
12.6889,79.9728,69,"chengalpattu",55,2025-05-22,30.2,19.34,5.34,45951.4,30695.02,0,0,100,22,1004.8,997,5.94,3.12
12.6889,79.9728,69,"chengalpattu",56,2025-05-23,30.6,24.15,6.11,45975.85,40639.7,0.6,2,61,23.8,1002.9,995.1,6.78,3.42
12.6889,79.9728,69,"chengalpattu",57,2025-05-24,29.9,14.15,4.43,45999.52,18965.7,0,0,98,23.3,1002.2,994.5,7.2,3.81
12.6889,79.9728,69,"chengalpattu",58,2025-05-25,29.7,16.75,4.99,46022.36,23175.8,0.6,2,90,23.3,1003,995.2,8.33,4.39
12.6889,79.9728,69,"chengalpattu",59,2025-05-26,28.5,9.16,3.35,46044.35,3537.11,0.1,1,100,23.5,1002.8,995,9.03,4.78
12.6889,79.9728,69,"chengalpattu",60,2025-05-27,29.9,14.71,4.82,46065.48,25315.62,0.1,1,100,22.4,1001.4,993.7,8.69,4.39
12.6889,79.9728,69,"chengalpattu",61,2025-05-28,30.4,17.08,5.8,46085.88,28501.65,1,5,100,21.8,1001.1,993.4,9.59,4.81
12.6889,79.9728,69,"chengalpattu",62,2025-05-29,30.6,18.58,6.11,46105.62,29300.82,0.5,3,100,22.1,1001.1,993.4,9.34,4.91
12.6889,79.9728,69,"chengalpattu",63,2025-05-30,29.9,17.53,5.01,46124.69,25784.38,7.9,5,99,22.6,1002.1,994.3,7.38,3.61
12.6889,79.9728,69,"chengalpattu",64,2025-05-31,31.3,23.11,6.3,46143.06,39717.13,0,0,94,21.8,1004.5,996.7,6.14,3.09
12.6889,79.9728,69,"chengalpattu",65,2025-06-01,31.8,24.85,6.94,46160.71,41309.28,0,0,79,21.3,1005.7,998,6.15,3.3
